,rank,time_range,track_id,track_name,track_popularity,track_release_date,artist_genre,artist_name,key_note,ft_danceability,ft_energy,ft_key,ft_loudness,ft_mode,ft_speechiness,ft_acousticness,ft_instrumentalness,ft_liveness,ft_valence,ft_tempo,number_of_repeats
0,1,short_term,0YSwpzZT1sUkrL3kTIoHE2,Itan na star,38,2017-04-19,anime rock,Official HIGE DANdism,G#,0.57,0.758,8,-3.997,1,0.0323,0.00157,0.0,0.36700000000000005,0.7070000000000001,97.959,2
1,1,short_term,0YSwpzZT1sUkrL3kTIoHE2,Itan na star,38,2017-04-19,j-pop,Official HIGE DANdism,G#,0.57,0.758,8,-3.997,1,0.0323,0.00157,0.0,0.36700000000000005,0.7070000000000001,97.959,2
2,2,short_term,4tJl1AVYE6WFAWtuAEhxpM,Please,48,2017-03-15,k-hop,DPR LIVE,G#,0.83,0.634,8,-5.649,1,0.13,0.0935,0.0,0.133,0.39899999999999997,108.038,3
3,2,short_term,4tJl1AVYE6WFAWtuAEhxpM,Please,48,2017-03-15,k-pop,DPR LIVE,G#,0.83,0.634,8,-5.649,1,0.13,0.0935,0.0,0.133,0.39899999999999997,108.038,3
4,2,short_term,4tJl1AVYE6WFAWtuAEhxpM,Please,48,2017-03-15,korean r&b,DPR LIVE,G#,0.83,0.634,8,-5.649,1,0.13,0.0935,0.0,0.133,0.39899999999999997,108.038,3
5,3,short_term,17N5FdRwJuv3UXQ7MHnbhF,Ballin,72,2018-06-15,conscious hip hop,Logic,D#,0.737,0.8540000000000001,3,-6.414,0,0.221,0.0475,0.0,0.0905,0.65,150.621,5
6,3,short_term,17N5FdRwJuv3UXQ7MHnbhF,Ballin,72,2018-06-15,dmv rap,Logic,D#,0.737,0.8540000000000001,3,-6.414,0,0.221,0.0475,0.0,0.0905,0.65,150.621,5
7,3,short_term,17N5FdRwJuv3UXQ7MHnbhF,Ballin,72,2018-06-15,hip hop,Logic,D#,0.737,0.8540000000000001,3,-6.414,0,0.221,0.0475,0.0,0.0905,0.65,150.621,5
8,3,short_term,17N5FdRwJuv3UXQ7MHnbhF,Ballin,72,2018-06-15,pop rap,Logic,D#,0.737,0.8540000000000001,3,-6.414,0,0.221,0.0475,0.0,0.0905,0.65,150.621,5
9,3,short_term,17N5FdRwJuv3UXQ7MHnbhF,Ballin,72,2018-06-15,rap,Logic,D#,0.737,0.8540000000000001,3,-6.414,0,0.221,0.0475,0.0,0.0905,0.65,150.621,5
10,4,short_term,5aq7wRwq9IDDqAa56x7Yws,"Zigeunerweisen, Op. 20: Lento",37,1971,late romantic era,Pablo de Sarasate,C,0.284,0.0949,0,-22.629,0,0.0421,0.815,0.327,0.127,0.0465,101.05799999999999,2
11,4,short_term,5aq7wRwq9IDDqAa56x7Yws,"Zigeunerweisen, Op. 20: Lento",37,1971,violin,Pablo de Sarasate,C,0.284,0.0949,0,-22.629,0,0.0421,0.815,0.327,0.127,0.0465,101.05799999999999,2
12,5,short_term,2tvXdkylO2rwJXziHNpQ26,Blackbird,45,2019-08-23,contemporary jazz,Hiromi,G,0.299,0.0919,7,-22.014,1,0.040999999999999995,0.993,0.938,0.0983,0.107,104.52600000000001,5
13,5,short_term,2tvXdkylO2rwJXziHNpQ26,Blackbird,45,2019-08-23,contemporary post-bop,Hiromi,G,0.299,0.0919,7,-22.014,1,0.040999999999999995,0.993,0.938,0.0983,0.107,104.52600000000001,5
14,5,short_term,2tvXdkylO2rwJXziHNpQ26,Blackbird,45,2019-08-23,japanese jazz,Hiromi,G,0.299,0.0919,7,-22.014,1,0.040999999999999995,0.993,0.938,0.0983,0.107,104.52600000000001,5
15,5,short_term,2tvXdkylO2rwJXziHNpQ26,Blackbird,45,2019-08-23,jazz funk,Hiromi,G,0.299,0.0919,7,-22.014,1,0.040999999999999995,0.993,0.938,0.0983,0.107,104.52600000000001,5
16,5,short_term,2tvXdkylO2rwJXziHNpQ26,Blackbird,45,2019-08-23,jazz fusion,Hiromi,G,0.299,0.0919,7,-22.014,1,0.040999999999999995,0.993,0.938,0.0983,0.107,104.52600000000001,5
17,6,short_term,2k9N4caeCIJLOWwWwssrEM,Easily,75,2017-08-31,indie r&b,Bruno Major,G,0.772,0.256,7,-8.545,0,0.0481,0.491,0.0061200000000000004,0.14400000000000002,0.35700000000000004,118.902,2
18,6,short_term,2k9N4caeCIJLOWwWwssrEM,Easily,75,2017-08-31,pop,Bruno Major,G,0.772,0.256,7,-8.545,0,0.0481,0.491,0.0061200000000000004,0.14400000000000002,0.35700000000000004,118.902,2
19,7,short_term,58dSdjfEYNSxte1aNVxuNf,Easy,73,2017-08-11,alternative r&b,Mac Ayres,F,0.722,0.282,5,-7.484,1,0.106,0.373,0.00557,0.147,0.217,91.367,3
20,7,short_term,58dSdjfEYNSxte1aNVxuNf,Easy,73,2017-08-11,indie r&b,Mac Ayres,F,0.722,0.282,5,-7.484,1,0.106,0.373,0.00557,0.147,0.217,91.367,3
21,7,short_term,58dSdjfEYNSxte1aNVxuNf,Easy,73,2017-08-11,indie soul,Mac Ayres,F,0.722,0.282,5,-7.484,1,0.106,0.373,0.00557,0.147,0.217,91.367,3
22,8,short_term,2GBwDtpuNit18S9L3hFVAv,"Concerto pour Piano et Orchestre No. 1 en Fa Dièse Mineur, Op. 1: I. Vivace",3,2006,classical,Sergei Rachmaninoff,B,0.22899999999999998,0.0967,11,-20.557,0,0.034,0.982,0.9009999999999999,0.0815,0.0534,92.069,4
23,8,short_term,2GBwDtpuNit18S9L3hFVAv,"Concerto pour Piano et Orchestre No. 1 en Fa Dièse Mineur, Op. 1: I. Vivace",3,2006,post-romantic era,Sergei Rachmaninoff,B,0.22899999999999998,0.0967,11,-20.557,0,0.034,0.982,0.9009999999999999,0.0815,0.0534,92.069,4
24,8,short_term,2GBwDtpuNit18S9L3hFVAv,"Concerto pour Piano et Orchestre No. 1 en Fa Dièse Mineur, Op. 1: I. Vivace",3,2006,russian romanticism,Sergei Rachmaninoff,B,0.22899999999999998,0.0967,11,-20.557,0,0.034,0.982,0.9009999999999999,0.0815,0.0534,92.069,4
25,8,short_term,2GBwDtpuNit18S9L3hFVAv,"Concerto pour Piano et Orchestre No. 1 en Fa Dièse Mineur, Op. 1: I. Vivace",3,2006,ukrainian classical,Sergei Rachmaninoff,B,0.22899999999999998,0.0967,11,-20.557,0,0.034,0.982,0.9009999999999999,0.0815,0.0534,92.069,4
26,9,short_term,4s6ZktLNLZnk1osl3Vf1ZO,Koi,55,2019-02-20,j-pop,androp,D,0.584,0.56,2,-7.3,1,0.0384,0.726,0.0,0.096,0.33799999999999997,74.997,3
27,9,short_term,4s6ZktLNLZnk1osl3Vf1ZO,Koi,55,2019-02-20,j-rock,androp,D,0.584,0.56,2,-7.3,1,0.0384,0.726,0.0,0.096,0.33799999999999997,74.997,3
28,9,short_term,4s6ZktLNLZnk1osl3Vf1ZO,Koi,55,2019-02-20,japanese alternative rock,androp,D,0.584,0.56,2,-7.3,1,0.0384,0.726,0.0,0.096,0.33799999999999997,74.997,3
29,10,short_term,0EZMXJMWf0tLKRWwCiA6Sx,Let's Get High,55,1999-11-16,g funk,Dr. Dre,E,0.905,0.85,4,-2.795,0,0.331,0.055,0.0,0.0903,0.498,99.375,5
30,10,short_term,0EZMXJMWf0tLKRWwCiA6Sx,Let's Get High,55,1999-11-16,gangster rap,Dr. Dre,E,0.905,0.85,4,-2.795,0,0.331,0.055,0.0,0.0903,0.498,99.375,5
31,10,short_term,0EZMXJMWf0tLKRWwCiA6Sx,Let's Get High,55,1999-11-16,hip hop,Dr. Dre,E,0.905,0.85,4,-2.795,0,0.331,0.055,0.0,0.0903,0.498,99.375,5
32,10,short_term,0EZMXJMWf0tLKRWwCiA6Sx,Let's Get High,55,1999-11-16,rap,Dr. Dre,E,0.905,0.85,4,-2.795,0,0.331,0.055,0.0,0.0903,0.498,99.375,5
33,10,short_term,0EZMXJMWf0tLKRWwCiA6Sx,Let's Get High,55,1999-11-16,west coast rap,Dr. Dre,E,0.905,0.85,4,-2.795,0,0.331,0.055,0.0,0.0903,0.498,99.375,5
34,11,short_term,41Az1BCotlAUt7Ud8k6H2Y,Sunsets For Somebody Else,67,2017-09-08,neo mellow,Jack Johnson,G,0.696,0.22899999999999998,7,-7.9110000000000005,1,0.0331,0.828,1.34e-05,0.152,0.603,113.273,1
35,12,short_term,2eA55e1I1PmBIW8gBZ9VNK,"Klavierkonzert Nr. 1 g-Moll, Op. 25: I. Molto allegro con fuoco",16,1993-11-16,classical,Felix Mendelssohn,G,0.366,0.188,7,-19.39,0,0.0335,0.983,0.943,0.126,0.193,73.069,2
36,12,short_term,2eA55e1I1PmBIW8gBZ9VNK,"Klavierkonzert Nr. 1 g-Moll, Op. 25: I. Molto allegro con fuoco",16,1993-11-16,early romantic era,Felix Mendelssohn,G,0.366,0.188,7,-19.39,0,0.0335,0.983,0.943,0.126,0.193,73.069,2
37,13,short_term,63SdQkVlToSix76P4VmOQO,Shibuya Stroll,40,2019-11-22,piano cover,Kowrites,C#,0.59,0.344,1,-18.316,1,0.0559,0.93,0.903,0.368,0.456,75.068,1
38,14,short_term,2oy9WInmvap0o7LYGW3T8n,"Concerto pour Piano et Orchestre No. 1 en Fa Dièse Mineur, Op. 1: II. Andante",2,2006,classical,Sergei Rachmaninoff,D,0.198,0.0123,2,-32.228,1,0.0379,0.988,0.963,0.0648,0.0338,140.388,4
39,14,short_term,2oy9WInmvap0o7LYGW3T8n,"Concerto pour Piano et Orchestre No. 1 en Fa Dièse Mineur, Op. 1: II. Andante",2,2006,post-romantic era,Sergei Rachmaninoff,D,0.198,0.0123,2,-32.228,1,0.0379,0.988,0.963,0.0648,0.0338,140.388,4
40,14,short_term,2oy9WInmvap0o7LYGW3T8n,"Concerto pour Piano et Orchestre No. 1 en Fa Dièse Mineur, Op. 1: II. Andante",2,2006,russian romanticism,Sergei Rachmaninoff,D,0.198,0.0123,2,-32.228,1,0.0379,0.988,0.963,0.0648,0.0338,140.388,4
41,14,short_term,2oy9WInmvap0o7LYGW3T8n,"Concerto pour Piano et Orchestre No. 1 en Fa Dièse Mineur, Op. 1: II. Andante",2,2006,ukrainian classical,Sergei Rachmaninoff,D,0.198,0.0123,2,-32.228,1,0.0379,0.988,0.963,0.0648,0.0338,140.388,4
42,15,short_term,1Omt5bfz1tZUCqd26HxbS0,Beyond,72,2018-05-04,modern blues,Leon Bridges,F#,0.58,0.687,6,-5.4,1,0.106,0.22899999999999998,0.0,0.109,0.187,76.014,2
43,15,short_term,1Omt5bfz1tZUCqd26HxbS0,Beyond,72,2018-05-04,soul,Leon Bridges,F#,0.58,0.687,6,-5.4,1,0.106,0.22899999999999998,0.0,0.109,0.187,76.014,2
44,16,short_term,7iXF2W9vKmDoGAhlHdpyIa,Forgot About Dre,72,1999-11-16,g funk,Dr. Dre,G#,0.924,0.74,8,-1.2990000000000002,1,0.0774,0.0827,0.0,0.163,0.621,133.974,5
45,16,short_term,7iXF2W9vKmDoGAhlHdpyIa,Forgot About Dre,72,1999-11-16,gangster rap,Dr. Dre,G#,0.924,0.74,8,-1.2990000000000002,1,0.0774,0.0827,0.0,0.163,0.621,133.974,5
46,16,short_term,7iXF2W9vKmDoGAhlHdpyIa,Forgot About Dre,72,1999-11-16,hip hop,Dr. Dre,G#,0.924,0.74,8,-1.2990000000000002,1,0.0774,0.0827,0.0,0.163,0.621,133.974,5
47,16,short_term,7iXF2W9vKmDoGAhlHdpyIa,Forgot About Dre,72,1999-11-16,rap,Dr. Dre,G#,0.924,0.74,8,-1.2990000000000002,1,0.0774,0.0827,0.0,0.163,0.621,133.974,5
48,16,short_term,7iXF2W9vKmDoGAhlHdpyIa,Forgot About Dre,72,1999-11-16,west coast rap,Dr. Dre,G#,0.924,0.74,8,-1.2990000000000002,1,0.0774,0.0827,0.0,0.163,0.621,133.974,5
49,17,short_term,2iQVxrAzwy8dMG0yldSaIg,New Game,54,2014-02-10,catstep,Nitro Fun,C#,0.627,0.991,1,-2.9,0,0.0804,0.000611,0.675,0.396,0.516,128.007,5
50,17,short_term,2iQVxrAzwy8dMG0yldSaIg,New Game,54,2014-02-10,complextro,Nitro Fun,C#,0.627,0.991,1,-2.9,0,0.0804,0.000611,0.675,0.396,0.516,128.007,5
51,17,short_term,2iQVxrAzwy8dMG0yldSaIg,New Game,54,2014-02-10,deep dubstep,Nitro Fun,C#,0.627,0.991,1,-2.9,0,0.0804,0.000611,0.675,0.396,0.516,128.007,5
52,17,short_term,2iQVxrAzwy8dMG0yldSaIg,New Game,54,2014-02-10,edm,Nitro Fun,C#,0.627,0.991,1,-2.9,0,0.0804,0.000611,0.675,0.396,0.516,128.007,5
53,17,short_term,2iQVxrAzwy8dMG0yldSaIg,New Game,54,2014-02-10,electro house,Nitro Fun,C#,0.627,0.991,1,-2.9,0,0.0804,0.000611,0.675,0.396,0.516,128.007,5
54,18,short_term,4M4ECspANZPJuqacpi1NTn,Should We Take The Van?,43,2017-08-11,alternative r&b,Mac Ayres,E,0.706,0.799,4,-8.783,0,0.278,0.529,0.000982,0.275,0.665,81.175,3
55,18,short_term,4M4ECspANZPJuqacpi1NTn,Should We Take The Van?,43,2017-08-11,indie r&b,Mac Ayres,E,0.706,0.799,4,-8.783,0,0.278,0.529,0.000982,0.275,0.665,81.175,3
56,18,short_term,4M4ECspANZPJuqacpi1NTn,Should We Take The Van?,43,2017-08-11,indie soul,Mac Ayres,E,0.706,0.799,4,-8.783,0,0.278,0.529,0.000982,0.275,0.665,81.175,3
57,19,short_term,7KXjTSCq5nL1LoYtL7XAwS,HUMBLE.,85,2017-04-14,conscious hip hop,Kendrick Lamar,C#,0.9079999999999999,0.621,1,-6.638,0,0.102,0.00028199999999999997,5.39e-05,0.0958,0.42100000000000004,150.011,4
58,19,short_term,7KXjTSCq5nL1LoYtL7XAwS,HUMBLE.,85,2017-04-14,hip hop,Kendrick Lamar,C#,0.9079999999999999,0.621,1,-6.638,0,0.102,0.00028199999999999997,5.39e-05,0.0958,0.42100000000000004,150.011,4
59,19,short_term,7KXjTSCq5nL1LoYtL7XAwS,HUMBLE.,85,2017-04-14,rap,Kendrick Lamar,C#,0.9079999999999999,0.621,1,-6.638,0,0.102,0.00028199999999999997,5.39e-05,0.0958,0.42100000000000004,150.011,4
60,19,short_term,7KXjTSCq5nL1LoYtL7XAwS,HUMBLE.,85,2017-04-14,west coast rap,Kendrick Lamar,C#,0.9079999999999999,0.621,1,-6.638,0,0.102,0.00028199999999999997,5.39e-05,0.0958,0.42100000000000004,150.011,4
61,20,short_term,66kSqGS2iwHK20sxjrZct4,Better Watch Yo Self,47,2017-01-20,cali rap,Problem,A#,0.8370000000000001,0.7879999999999999,10,-6.289,0,0.153,0.0539,2.31e-06,0.27,0.311,100.053,7
62,20,short_term,66kSqGS2iwHK20sxjrZct4,Better Watch Yo Self,47,2017-01-20,gangster rap,Problem,A#,0.8370000000000001,0.7879999999999999,10,-6.289,0,0.153,0.0539,2.31e-06,0.27,0.311,100.053,7
63,20,short_term,66kSqGS2iwHK20sxjrZct4,Better Watch Yo Self,47,2017-01-20,hyphy,Problem,A#,0.8370000000000001,0.7879999999999999,10,-6.289,0,0.153,0.0539,2.31e-06,0.27,0.311,100.053,7
64,20,short_term,66kSqGS2iwHK20sxjrZct4,Better Watch Yo Self,47,2017-01-20,rap,Problem,A#,0.8370000000000001,0.7879999999999999,10,-6.289,0,0.153,0.0539,2.31e-06,0.27,0.311,100.053,7
65,20,short_term,66kSqGS2iwHK20sxjrZct4,Better Watch Yo Self,47,2017-01-20,southern hip hop,Problem,A#,0.8370000000000001,0.7879999999999999,10,-6.289,0,0.153,0.0539,2.31e-06,0.27,0.311,100.053,7
66,20,short_term,66kSqGS2iwHK20sxjrZct4,Better Watch Yo Self,47,2017-01-20,trap,Problem,A#,0.8370000000000001,0.7879999999999999,10,-6.289,0,0.153,0.0539,2.31e-06,0.27,0.311,100.053,7
67,20,short_term,66kSqGS2iwHK20sxjrZct4,Better Watch Yo Self,47,2017-01-20,west coast trap,Problem,A#,0.8370000000000001,0.7879999999999999,10,-6.289,0,0.153,0.0539,2.31e-06,0.27,0.311,100.053,7
68,21,short_term,1XlvyqVNz36t1CyWF3HQIM,"Capriccio brillant in B Minor, Op. 22",10,1993-11-16,classical,Felix Mendelssohn,B,0.392,0.129,11,-21.389,0,0.0368,0.982,0.9279999999999999,0.11800000000000001,0.0952,139.804,2
69,21,short_term,1XlvyqVNz36t1CyWF3HQIM,"Capriccio brillant in B Minor, Op. 22",10,1993-11-16,early romantic era,Felix Mendelssohn,B,0.392,0.129,11,-21.389,0,0.0368,0.982,0.9279999999999999,0.11800000000000001,0.0952,139.804,2
70,22,short_term,2OD4MN67xEcDZlZRedolTB,"Piano Concerto No. 2 in D Minor, Op. 40, MWV O11: I. Allegro appassionato",13,1993-11-16,classical,Felix Mendelssohn,D,0.39299999999999996,0.158,2,-19.976,0,0.0374,0.988,0.938,0.0934,0.0659,74.422,2
71,22,short_term,2OD4MN67xEcDZlZRedolTB,"Piano Concerto No. 2 in D Minor, Op. 40, MWV O11: I. Allegro appassionato",13,1993-11-16,early romantic era,Felix Mendelssohn,D,0.39299999999999996,0.158,2,-19.976,0,0.0374,0.988,0.938,0.0934,0.0659,74.422,2
72,23,short_term,2TWxKZIa9HvlLI6xbSVUQF,Tartini: The Devil's Trill,11,2015-09-25,classical,Fritz Kreisler,G,0.337,0.22899999999999998,7,-13.939,0,0.0392,0.982,0.126,0.214,0.253,97.926,3
73,23,short_term,2TWxKZIa9HvlLI6xbSVUQF,Tartini: The Devil's Trill,11,2015-09-25,post-romantic era,Fritz Kreisler,G,0.337,0.22899999999999998,7,-13.939,0,0.0392,0.982,0.126,0.214,0.253,97.926,3
74,23,short_term,2TWxKZIa9HvlLI6xbSVUQF,Tartini: The Devil's Trill,11,2015-09-25,violin,Fritz Kreisler,G,0.337,0.22899999999999998,7,-13.939,0,0.0392,0.982,0.126,0.214,0.253,97.926,3
75,24,short_term,7mqqI1Siu6ZOdC2KgOGGud,Kreisler: Andantino - in the style of Martini,10,2015-09-25,classical,Fritz Kreisler,F,0.27899999999999997,0.154,5,-16.05,1,0.0465,0.9740000000000001,0.11199999999999999,0.0858,0.166,108.928,3
76,24,short_term,7mqqI1Siu6ZOdC2KgOGGud,Kreisler: Andantino - in the style of Martini,10,2015-09-25,post-romantic era,Fritz Kreisler,F,0.27899999999999997,0.154,5,-16.05,1,0.0465,0.9740000000000001,0.11199999999999999,0.0858,0.166,108.928,3
77,24,short_term,7mqqI1Siu6ZOdC2KgOGGud,Kreisler: Andantino - in the style of Martini,10,2015-09-25,violin,Fritz Kreisler,F,0.27899999999999997,0.154,5,-16.05,1,0.0465,0.9740000000000001,0.11199999999999999,0.0858,0.166,108.928,3
78,25,short_term,6BebarNIdE5FfxXDlPpZ5y,"Souvenir De Florence, Op. 70: IV. Allegro Vivace",37,2000-11-01,classical,Borodin Quartet,D,0.40700000000000003,0.262,2,-17.011,0,0.0546,0.9079999999999999,0.652,0.0625,0.441,140.629,3
79,25,short_term,6BebarNIdE5FfxXDlPpZ5y,"Souvenir De Florence, Op. 70: IV. Allegro Vivace",37,2000-11-01,classical performance,Borodin Quartet,D,0.40700000000000003,0.262,2,-17.011,0,0.0546,0.9079999999999999,0.652,0.0625,0.441,140.629,3
80,25,short_term,6BebarNIdE5FfxXDlPpZ5y,"Souvenir De Florence, Op. 70: IV. Allegro Vivace",37,2000-11-01,string quartet,Borodin Quartet,D,0.40700000000000003,0.262,2,-17.011,0,0.0546,0.9079999999999999,0.652,0.0625,0.441,140.629,3
81,26,short_term,1AePIQwSF64zof6xXPSO6M,"Klavierkonzert Nr. 1 g-Moll, Op. 25: II. Andante",15,1993-11-16,classical,Felix Mendelssohn,E,0.223,0.0112,4,-34.058,1,0.0357,0.986,0.934,0.0849,0.0461,85.57600000000001,2
82,26,short_term,1AePIQwSF64zof6xXPSO6M,"Klavierkonzert Nr. 1 g-Moll, Op. 25: II. Andante",15,1993-11-16,early romantic era,Felix Mendelssohn,E,0.223,0.0112,4,-34.058,1,0.0357,0.986,0.934,0.0849,0.0461,85.57600000000001,2
83,27,short_term,1eMujWp9h2cSEPIiO6xOhN,有心人,47,1996-11-26,c-pop,Leslie Cheung,C,0.541,0.38,0,-12.094000000000001,1,0.027000000000000003,0.716,9.56e-06,0.32899999999999996,0.192,72.015,3
84,27,short_term,1eMujWp9h2cSEPIiO6xOhN,有心人,47,1996-11-26,cantopop,Leslie Cheung,C,0.541,0.38,0,-12.094000000000001,1,0.027000000000000003,0.716,9.56e-06,0.32899999999999996,0.192,72.015,3
85,27,short_term,1eMujWp9h2cSEPIiO6xOhN,有心人,47,1996-11-26,classic cantopop,Leslie Cheung,C,0.541,0.38,0,-12.094000000000001,1,0.027000000000000003,0.716,9.56e-06,0.32899999999999996,0.192,72.015,3
86,28,short_term,2XTquzYQAdT1Hk78bOUwsv,Greatest,73,2018-08-31,detroit hip hop,Eminem,C#,0.809,0.737,1,-5.186,1,0.10800000000000001,0.0441,0.0,0.341,0.36700000000000005,80.025,4
87,28,short_term,2XTquzYQAdT1Hk78bOUwsv,Greatest,73,2018-08-31,g funk,Eminem,C#,0.809,0.737,1,-5.186,1,0.10800000000000001,0.0441,0.0,0.341,0.36700000000000005,80.025,4
88,28,short_term,2XTquzYQAdT1Hk78bOUwsv,Greatest,73,2018-08-31,hip hop,Eminem,C#,0.809,0.737,1,-5.186,1,0.10800000000000001,0.0441,0.0,0.341,0.36700000000000005,80.025,4
89,28,short_term,2XTquzYQAdT1Hk78bOUwsv,Greatest,73,2018-08-31,rap,Eminem,C#,0.809,0.737,1,-5.186,1,0.10800000000000001,0.0441,0.0,0.341,0.36700000000000005,80.025,4
90,29,short_term,4LwU4Vp6od3Sb08CsP99GC,The Next Episode,71,1999-11-16,g funk,Dr. Dre,A#,0.922,0.909,10,-2.4290000000000003,0,0.27,0.0281,0.0,0.0856,0.309,95.295,5
91,29,short_term,4LwU4Vp6od3Sb08CsP99GC,The Next Episode,71,1999-11-16,gangster rap,Dr. Dre,A#,0.922,0.909,10,-2.4290000000000003,0,0.27,0.0281,0.0,0.0856,0.309,95.295,5
92,29,short_term,4LwU4Vp6od3Sb08CsP99GC,The Next Episode,71,1999-11-16,hip hop,Dr. Dre,A#,0.922,0.909,10,-2.4290000000000003,0,0.27,0.0281,0.0,0.0856,0.309,95.295,5
93,29,short_term,4LwU4Vp6od3Sb08CsP99GC,The Next Episode,71,1999-11-16,rap,Dr. Dre,A#,0.922,0.909,10,-2.4290000000000003,0,0.27,0.0281,0.0,0.0856,0.309,95.295,5
94,29,short_term,4LwU4Vp6od3Sb08CsP99GC,The Next Episode,71,1999-11-16,west coast rap,Dr. Dre,A#,0.922,0.909,10,-2.4290000000000003,0,0.27,0.0281,0.0,0.0856,0.309,95.295,5
95,30,short_term,5JruqgGPc5ImJixUyFRHr7,"Piano Concerto No. 1 in G Minor, Op. 25, MWV O7: 3. Presto",15,2003-01-01,classical,Felix Mendelssohn,G,0.44799999999999995,0.177,7,-20.146,1,0.0352,0.98,0.9159999999999999,0.05,0.33399999999999996,87.762,2
96,30,short_term,5JruqgGPc5ImJixUyFRHr7,"Piano Concerto No. 1 in G Minor, Op. 25, MWV O7: 3. Presto",15,2003-01-01,early romantic era,Felix Mendelssohn,G,0.44799999999999995,0.177,7,-20.146,1,0.0352,0.98,0.9159999999999999,0.05,0.33399999999999996,87.762,2
97,31,short_term,5OTlZY4moBdA3UttjlZBU9,"緣份 - 電影 ""緣份"" 主題曲",45,2016-09-09,c-pop,Leslie Cheung,C,0.239,0.28600000000000003,0,-12.616,1,0.0325,0.452,0.000125,0.12300000000000001,0.11900000000000001,147.689,3
98,31,short_term,5OTlZY4moBdA3UttjlZBU9,"緣份 - 電影 ""緣份"" 主題曲",45,2016-09-09,cantopop,Leslie Cheung,C,0.239,0.28600000000000003,0,-12.616,1,0.0325,0.452,0.000125,0.12300000000000001,0.11900000000000001,147.689,3
99,31,short_term,5OTlZY4moBdA3UttjlZBU9,"緣份 - 電影 ""緣份"" 主題曲",45,2016-09-09,classic cantopop,Leslie Cheung,C,0.239,0.28600000000000003,0,-12.616,1,0.0325,0.452,0.000125,0.12300000000000001,0.11900000000000001,147.689,3
100,32,short_term,5RLv04XXxe0Nc4W7DTBJGT,風繼續吹,48,1983,c-pop,Leslie Cheung,C,0.5379999999999999,0.426,0,-9.985,1,0.0289,0.264,0.0012,0.47200000000000003,0.322,133.786,3
101,32,short_term,5RLv04XXxe0Nc4W7DTBJGT,風繼續吹,48,1983,cantopop,Leslie Cheung,C,0.5379999999999999,0.426,0,-9.985,1,0.0289,0.264,0.0012,0.47200000000000003,0.322,133.786,3
102,32,short_term,5RLv04XXxe0Nc4W7DTBJGT,風繼續吹,48,1983,classic cantopop,Leslie Cheung,C,0.5379999999999999,0.426,0,-9.985,1,0.0289,0.264,0.0012,0.47200000000000003,0.322,133.786,3
103,33,short_term,5XkeTGKcCkGF8l6fA9YpsS,Bitch Niggaz,52,1999-11-16,g funk,Dr. Dre,B,0.695,0.7170000000000001,11,-1.454,0,0.395,0.359,0.0,0.27699999999999997,0.61,75.888,5
104,33,short_term,5XkeTGKcCkGF8l6fA9YpsS,Bitch Niggaz,52,1999-11-16,gangster rap,Dr. Dre,B,0.695,0.7170000000000001,11,-1.454,0,0.395,0.359,0.0,0.27699999999999997,0.61,75.888,5
105,33,short_term,5XkeTGKcCkGF8l6fA9YpsS,Bitch Niggaz,52,1999-11-16,hip hop,Dr. Dre,B,0.695,0.7170000000000001,11,-1.454,0,0.395,0.359,0.0,0.27699999999999997,0.61,75.888,5
106,33,short_term,5XkeTGKcCkGF8l6fA9YpsS,Bitch Niggaz,52,1999-11-16,rap,Dr. Dre,B,0.695,0.7170000000000001,11,-1.454,0,0.395,0.359,0.0,0.27699999999999997,0.61,75.888,5
107,33,short_term,5XkeTGKcCkGF8l6fA9YpsS,Bitch Niggaz,52,1999-11-16,west coast rap,Dr. Dre,B,0.695,0.7170000000000001,11,-1.454,0,0.395,0.359,0.0,0.27699999999999997,0.61,75.888,5
108,34,short_term,72dgfW1USZQy5liiRxkeS7,"Piano Concerto No. 2 in D Minor, Op. 40, MWV O11: II. Adagio - Molto sostenuto",36,1993-11-16,classical,Felix Mendelssohn,A#,0.26,0.016,10,-30.089000000000002,1,0.0385,0.988,0.883,0.0717,0.0379,130.71200000000002,2
109,34,short_term,72dgfW1USZQy5liiRxkeS7,"Piano Concerto No. 2 in D Minor, Op. 40, MWV O11: II. Adagio - Molto sostenuto",36,1993-11-16,early romantic era,Felix Mendelssohn,A#,0.26,0.016,10,-30.089000000000002,1,0.0385,0.988,0.883,0.0717,0.0379,130.71200000000002,2
110,35,short_term,5q0zxo739jt8HAyo88vNkt,The Devil's in the Details,58,2017-08-11,alternative r&b,Mac Ayres,F#,0.708,0.507,6,-8.876,0,0.0549,0.11699999999999999,0.000547,0.10099999999999999,0.5429999999999999,76.757,3
111,35,short_term,5q0zxo739jt8HAyo88vNkt,The Devil's in the Details,58,2017-08-11,indie r&b,Mac Ayres,F#,0.708,0.507,6,-8.876,0,0.0549,0.11699999999999999,0.000547,0.10099999999999999,0.5429999999999999,76.757,3
112,35,short_term,5q0zxo739jt8HAyo88vNkt,The Devil's in the Details,58,2017-08-11,indie soul,Mac Ayres,F#,0.708,0.507,6,-8.876,0,0.0549,0.11699999999999999,0.000547,0.10099999999999999,0.5429999999999999,76.757,3
113,36,short_term,1hpzM9mfQr9cZQBYJo9B1M,"Klavierkonzert Nr. 1 g-Moll, Op. 25: III. Presto",14,1993-11-16,classical,Felix Mendelssohn,G,0.32799999999999996,0.196,7,-20.351,1,0.0383,0.976,0.938,0.0911,0.345,81.157,2
114,36,short_term,1hpzM9mfQr9cZQBYJo9B1M,"Klavierkonzert Nr. 1 g-Moll, Op. 25: III. Presto",14,1993-11-16,early romantic era,Felix Mendelssohn,G,0.32799999999999996,0.196,7,-20.351,1,0.0383,0.976,0.938,0.0911,0.345,81.157,2
115,37,short_term,1mSrXFejuVyMxWgwWCYgtq,"今生今世(電影""金枝玉葉""歌曲)",44,2010-01-01,c-pop,Leslie Cheung,C,0.5579999999999999,0.11900000000000001,0,-16.352999999999998,1,0.0449,0.945,1.4999999999999999e-05,0.19699999999999998,0.17,129.569,3
116,37,short_term,1mSrXFejuVyMxWgwWCYgtq,"今生今世(電影""金枝玉葉""歌曲)",44,2010-01-01,cantopop,Leslie Cheung,C,0.5579999999999999,0.11900000000000001,0,-16.352999999999998,1,0.0449,0.945,1.4999999999999999e-05,0.19699999999999998,0.17,129.569,3
117,37,short_term,1mSrXFejuVyMxWgwWCYgtq,"今生今世(電影""金枝玉葉""歌曲)",44,2010-01-01,classic cantopop,Leslie Cheung,C,0.5579999999999999,0.11900000000000001,0,-16.352999999999998,1,0.0449,0.945,1.4999999999999999e-05,0.19699999999999998,0.17,129.569,3
118,38,short_term,27sVyaosy1rSRB3hO859UU,"Concerto pour Piano et Orchestre No. 1 en Fa Dièse Mineur, Op. 1: III. Allegro Vivace",1,2006,classical,Sergei Rachmaninoff,A,0.24,0.0895,9,-23.998,1,0.0367,0.976,0.909,0.0885,0.126,82.523,4
119,38,short_term,27sVyaosy1rSRB3hO859UU,"Concerto pour Piano et Orchestre No. 1 en Fa Dièse Mineur, Op. 1: III. Allegro Vivace",1,2006,post-romantic era,Sergei Rachmaninoff,A,0.24,0.0895,9,-23.998,1,0.0367,0.976,0.909,0.0885,0.126,82.523,4
120,38,short_term,27sVyaosy1rSRB3hO859UU,"Concerto pour Piano et Orchestre No. 1 en Fa Dièse Mineur, Op. 1: III. Allegro Vivace",1,2006,russian romanticism,Sergei Rachmaninoff,A,0.24,0.0895,9,-23.998,1,0.0367,0.976,0.909,0.0885,0.126,82.523,4
121,38,short_term,27sVyaosy1rSRB3hO859UU,"Concerto pour Piano et Orchestre No. 1 en Fa Dièse Mineur, Op. 1: III. Allegro Vivace",1,2006,ukrainian classical,Sergei Rachmaninoff,A,0.24,0.0895,9,-23.998,1,0.0367,0.976,0.909,0.0885,0.126,82.523,4
122,39,short_term,5dx08KrsyuIdg6LtjuZSfC,"Rondo brillant in E-Flat Major, Op. 29",9,1993-11-16,classical,Felix Mendelssohn,D#,0.444,0.17600000000000002,3,-20.077,1,0.0393,0.9890000000000001,0.86,0.0802,0.17,109.329,2
123,39,short_term,5dx08KrsyuIdg6LtjuZSfC,"Rondo brillant in E-Flat Major, Op. 29",9,1993-11-16,early romantic era,Felix Mendelssohn,D#,0.444,0.17600000000000002,3,-20.077,1,0.0393,0.9890000000000001,0.86,0.0802,0.17,109.329,2
124,40,short_term,2QpGZOhTCHHiKmpSO9FW4h,Follow God,88,2019-10-25,chicago rap,Kanye West,C#,0.529,0.9,1,-3.503,1,0.418,0.000248,1.21e-05,0.0426,0.434,180.291,2
125,40,short_term,2QpGZOhTCHHiKmpSO9FW4h,Follow God,88,2019-10-25,rap,Kanye West,C#,0.529,0.9,1,-3.503,1,0.418,0.000248,1.21e-05,0.0426,0.434,180.291,2
126,41,short_term,0q3xk0VI0w7omVXYA09sVw,Eat,57,2015-05-19,k-hop,Zion.T,E,0.662,0.293,4,-11.311,1,0.122,0.49,4.79e-06,0.122,0.304,91.16,5
127,41,short_term,0q3xk0VI0w7omVXYA09sVw,Eat,57,2015-05-19,k-indie,Zion.T,E,0.662,0.293,4,-11.311,1,0.122,0.49,4.79e-06,0.122,0.304,91.16,5
128,41,short_term,0q3xk0VI0w7omVXYA09sVw,Eat,57,2015-05-19,k-pop,Zion.T,E,0.662,0.293,4,-11.311,1,0.122,0.49,4.79e-06,0.122,0.304,91.16,5
129,41,short_term,0q3xk0VI0w7omVXYA09sVw,Eat,57,2015-05-19,korean pop,Zion.T,E,0.662,0.293,4,-11.311,1,0.122,0.49,4.79e-06,0.122,0.304,91.16,5
130,41,short_term,0q3xk0VI0w7omVXYA09sVw,Eat,57,2015-05-19,korean r&b,Zion.T,E,0.662,0.293,4,-11.311,1,0.122,0.49,4.79e-06,0.122,0.304,91.16,5
131,42,short_term,5u8nn1mjHzMtaCm0Lfo0Qk,Sarasate : Caprice basque Op.24,12,1993-11-10,late romantic era,Pablo de Sarasate,A,0.49,0.10300000000000001,9,-20.007,0,0.0627,0.909,0.0238,0.0987,0.26,84.01899999999999,2
132,42,short_term,5u8nn1mjHzMtaCm0Lfo0Qk,Sarasate : Caprice basque Op.24,12,1993-11-10,violin,Pablo de Sarasate,A,0.49,0.10300000000000001,9,-20.007,0,0.0627,0.909,0.0238,0.0987,0.26,84.01899999999999,2
133,43,short_term,6vO4D4UBaUDrK3gBFUOUCU,"Piano Concerto No. 2 in D Minor, Op. 40, MWV O11: III. Finale: Presto scherzando",11,1993-11-16,classical,Felix Mendelssohn,D,0.38799999999999996,0.18100000000000002,2,-20.336,1,0.0401,0.986,0.893,0.172,0.24600000000000002,81.668,2
134,43,short_term,6vO4D4UBaUDrK3gBFUOUCU,"Piano Concerto No. 2 in D Minor, Op. 40, MWV O11: III. Finale: Presto scherzando",11,1993-11-16,early romantic era,Felix Mendelssohn,D,0.38799999999999996,0.18100000000000002,2,-20.336,1,0.0401,0.986,0.893,0.172,0.24600000000000002,81.668,2
135,44,short_term,08d7Ulc4Lra4rOa9oQtFML,Mikansei koukyoukyoku,46,2010-06-09,j-pop,ONE OK ROCK,F,0.42700000000000005,0.99,5,-3.55,1,0.184,0.000782,0.0,0.0956,0.491,195.051,3
136,44,short_term,08d7Ulc4Lra4rOa9oQtFML,Mikansei koukyoukyoku,46,2010-06-09,j-rock,ONE OK ROCK,F,0.42700000000000005,0.99,5,-3.55,1,0.184,0.000782,0.0,0.0956,0.491,195.051,3
137,44,short_term,08d7Ulc4Lra4rOa9oQtFML,Mikansei koukyoukyoku,46,2010-06-09,visual kei,ONE OK ROCK,F,0.42700000000000005,0.99,5,-3.55,1,0.184,0.000782,0.0,0.0956,0.491,195.051,3
138,45,short_term,0N3W5peJUQtI4eyR6GJT5O,King Kunta,75,2015-03-16,conscious hip hop,Kendrick Lamar,F#,0.884,0.657,6,-4.569,0,0.0977,0.00589,0.0,0.154,0.489,107.059,4
139,45,short_term,0N3W5peJUQtI4eyR6GJT5O,King Kunta,75,2015-03-16,hip hop,Kendrick Lamar,F#,0.884,0.657,6,-4.569,0,0.0977,0.00589,0.0,0.154,0.489,107.059,4
140,45,short_term,0N3W5peJUQtI4eyR6GJT5O,King Kunta,75,2015-03-16,rap,Kendrick Lamar,F#,0.884,0.657,6,-4.569,0,0.0977,0.00589,0.0,0.154,0.489,107.059,4
141,45,short_term,0N3W5peJUQtI4eyR6GJT5O,King Kunta,75,2015-03-16,west coast rap,Kendrick Lamar,F#,0.884,0.657,6,-4.569,0,0.0977,0.00589,0.0,0.154,0.489,107.059,4
142,46,short_term,0VV4lfEdeV4PEAjuQH72N8,Cheat Codes,52,2014-04-21,catstep,Nitro Fun,E,0.626,0.96,4,-4.234,0,0.0837,0.00028700000000000004,0.000304,0.894,0.146,128.001,5
143,46,short_term,0VV4lfEdeV4PEAjuQH72N8,Cheat Codes,52,2014-04-21,complextro,Nitro Fun,E,0.626,0.96,4,-4.234,0,0.0837,0.00028700000000000004,0.000304,0.894,0.146,128.001,5
144,46,short_term,0VV4lfEdeV4PEAjuQH72N8,Cheat Codes,52,2014-04-21,deep dubstep,Nitro Fun,E,0.626,0.96,4,-4.234,0,0.0837,0.00028700000000000004,0.000304,0.894,0.146,128.001,5
145,46,short_term,0VV4lfEdeV4PEAjuQH72N8,Cheat Codes,52,2014-04-21,edm,Nitro Fun,E,0.626,0.96,4,-4.234,0,0.0837,0.00028700000000000004,0.000304,0.894,0.146,128.001,5
146,46,short_term,0VV4lfEdeV4PEAjuQH72N8,Cheat Codes,52,2014-04-21,electro house,Nitro Fun,E,0.626,0.96,4,-4.234,0,0.0837,0.00028700000000000004,0.000304,0.894,0.146,128.001,5
147,47,short_term,1WqsREavcr6qHA8oAbnaIa,That's Life,32,2007-05-01,adult standards,Michael Bublé,D,0.402,0.605,2,-7.257000000000001,1,0.0724,0.491,0.0,0.33,0.59,209.648,3
148,47,short_term,1WqsREavcr6qHA8oAbnaIa,That's Life,32,2007-05-01,canadian pop,Michael Bublé,D,0.402,0.605,2,-7.257000000000001,1,0.0724,0.491,0.0,0.33,0.59,209.648,3
149,47,short_term,1WqsREavcr6qHA8oAbnaIa,That's Life,32,2007-05-01,lounge,Michael Bublé,D,0.402,0.605,2,-7.257000000000001,1,0.0724,0.491,0.0,0.33,0.59,209.648,3
150,48,short_term,1bCQIvugIRkL0yLG5cvQcZ,All I Want for Christmas Is You,72,2019-11-01,dance pop,Mariah Carey,G,0.504,0.61,7,-7.281000000000001,1,0.0339,0.18,0.0,0.0688,0.35200000000000004,150.097,4
151,48,short_term,1bCQIvugIRkL0yLG5cvQcZ,All I Want for Christmas Is You,72,2019-11-01,pop,Mariah Carey,G,0.504,0.61,7,-7.281000000000001,1,0.0339,0.18,0.0,0.0688,0.35200000000000004,150.097,4
152,48,short_term,1bCQIvugIRkL0yLG5cvQcZ,All I Want for Christmas Is You,72,2019-11-01,r&b,Mariah Carey,G,0.504,0.61,7,-7.281000000000001,1,0.0339,0.18,0.0,0.0688,0.35200000000000004,150.097,4
153,48,short_term,1bCQIvugIRkL0yLG5cvQcZ,All I Want for Christmas Is You,72,2019-11-01,urban contemporary,Mariah Carey,G,0.504,0.61,7,-7.281000000000001,1,0.0339,0.18,0.0,0.0688,0.35200000000000004,150.097,4
154,49,short_term,21pfcRjH4iqUg7EliHMI4J,飛機師的風衣,36,2016-09-09,c-pop,Leslie Cheung,F,0.573,0.337,5,-12.027999999999999,1,0.026000000000000002,0.777,8.03e-05,0.16,0.312,105.556,3
155,49,short_term,21pfcRjH4iqUg7EliHMI4J,飛機師的風衣,36,2016-09-09,cantopop,Leslie Cheung,F,0.573,0.337,5,-12.027999999999999,1,0.026000000000000002,0.777,8.03e-05,0.16,0.312,105.556,3
156,49,short_term,21pfcRjH4iqUg7EliHMI4J,飛機師的風衣,36,2016-09-09,classic cantopop,Leslie Cheung,F,0.573,0.337,5,-12.027999999999999,1,0.026000000000000002,0.777,8.03e-05,0.16,0.312,105.556,3
157,50,short_term,256pkGJdfTu88nGtOUuDp7,"Concerto pour Piano et Orchestre No. 4 en Sol Mineur, Op. 40: II. Largo",1,2006,classical,Sergei Rachmaninoff,F,0.124,0.006529999999999999,5,-28.525,0,0.0365,0.9890000000000001,0.8759999999999999,0.107,0.0387,74.561,4
158,50,short_term,256pkGJdfTu88nGtOUuDp7,"Concerto pour Piano et Orchestre No. 4 en Sol Mineur, Op. 40: II. Largo",1,2006,post-romantic era,Sergei Rachmaninoff,F,0.124,0.006529999999999999,5,-28.525,0,0.0365,0.9890000000000001,0.8759999999999999,0.107,0.0387,74.561,4
159,50,short_term,256pkGJdfTu88nGtOUuDp7,"Concerto pour Piano et Orchestre No. 4 en Sol Mineur, Op. 40: II. Largo",1,2006,russian romanticism,Sergei Rachmaninoff,F,0.124,0.006529999999999999,5,-28.525,0,0.0365,0.9890000000000001,0.8759999999999999,0.107,0.0387,74.561,4
160,50,short_term,256pkGJdfTu88nGtOUuDp7,"Concerto pour Piano et Orchestre No. 4 en Sol Mineur, Op. 40: II. Largo",1,2006,ukrainian classical,Sergei Rachmaninoff,F,0.124,0.006529999999999999,5,-28.525,0,0.0365,0.9890000000000001,0.8759999999999999,0.107,0.0387,74.561,4
161,1,medium_term,66kSqGS2iwHK20sxjrZct4,Better Watch Yo Self,47,2017-01-20,cali rap,Problem,A#,0.8370000000000001,0.7879999999999999,10,-6.289,0,0.153,0.0539,2.31e-06,0.27,0.311,100.053,7
162,1,medium_term,66kSqGS2iwHK20sxjrZct4,Better Watch Yo Self,47,2017-01-20,gangster rap,Problem,A#,0.8370000000000001,0.7879999999999999,10,-6.289,0,0.153,0.0539,2.31e-06,0.27,0.311,100.053,7
163,1,medium_term,66kSqGS2iwHK20sxjrZct4,Better Watch Yo Self,47,2017-01-20,hyphy,Problem,A#,0.8370000000000001,0.7879999999999999,10,-6.289,0,0.153,0.0539,2.31e-06,0.27,0.311,100.053,7
164,1,medium_term,66kSqGS2iwHK20sxjrZct4,Better Watch Yo Self,47,2017-01-20,rap,Problem,A#,0.8370000000000001,0.7879999999999999,10,-6.289,0,0.153,0.0539,2.31e-06,0.27,0.311,100.053,7
165,1,medium_term,66kSqGS2iwHK20sxjrZct4,Better Watch Yo Self,47,2017-01-20,southern hip hop,Problem,A#,0.8370000000000001,0.7879999999999999,10,-6.289,0,0.153,0.0539,2.31e-06,0.27,0.311,100.053,7
166,1,medium_term,66kSqGS2iwHK20sxjrZct4,Better Watch Yo Self,47,2017-01-20,trap,Problem,A#,0.8370000000000001,0.7879999999999999,10,-6.289,0,0.153,0.0539,2.31e-06,0.27,0.311,100.053,7
167,1,medium_term,66kSqGS2iwHK20sxjrZct4,Better Watch Yo Self,47,2017-01-20,west coast trap,Problem,A#,0.8370000000000001,0.7879999999999999,10,-6.289,0,0.153,0.0539,2.31e-06,0.27,0.311,100.053,7
168,2,medium_term,1SayqEg8HKK2IeIEWjdYxY,Down The Road,55,2012-01-01,turntablism,C2C,D,0.72,0.595,2,-6.109,0,0.0976,0.0672,4.73e-05,0.0775,0.486,111.0,1
169,3,medium_term,6BvtitRX5lQC87YlA6rq0n,Bubblin,66,2018-05-17,escape room,Anderson .Paak,C#,0.568,0.873,1,-5.22,1,0.265,0.0731,0.0,0.36700000000000005,0.547,106.78299999999999,1
170,4,medium_term,70pZIQqQ37SrNCADx0FiPN,Jet Black (feat. Brandy),68,2019-04-12,escape room,Anderson .Paak,G,0.8190000000000001,0.596,7,-7.697,0,0.12300000000000001,0.0302,4.59e-06,0.102,0.473,108.204,1
171,5,medium_term,4tJl1AVYE6WFAWtuAEhxpM,Please,48,2017-03-15,k-hop,DPR LIVE,G#,0.83,0.634,8,-5.649,1,0.13,0.0935,0.0,0.133,0.39899999999999997,108.038,3
172,5,medium_term,4tJl1AVYE6WFAWtuAEhxpM,Please,48,2017-03-15,k-pop,DPR LIVE,G#,0.83,0.634,8,-5.649,1,0.13,0.0935,0.0,0.133,0.39899999999999997,108.038,3
173,5,medium_term,4tJl1AVYE6WFAWtuAEhxpM,Please,48,2017-03-15,korean r&b,DPR LIVE,G#,0.83,0.634,8,-5.649,1,0.13,0.0935,0.0,0.133,0.39899999999999997,108.038,3
174,6,medium_term,4s6ZktLNLZnk1osl3Vf1ZO,Koi,55,2019-02-20,j-pop,androp,D,0.584,0.56,2,-7.3,1,0.0384,0.726,0.0,0.096,0.33799999999999997,74.997,3
175,6,medium_term,4s6ZktLNLZnk1osl3Vf1ZO,Koi,55,2019-02-20,j-rock,androp,D,0.584,0.56,2,-7.3,1,0.0384,0.726,0.0,0.096,0.33799999999999997,74.997,3
176,6,medium_term,4s6ZktLNLZnk1osl3Vf1ZO,Koi,55,2019-02-20,japanese alternative rock,androp,D,0.584,0.56,2,-7.3,1,0.0384,0.726,0.0,0.096,0.33799999999999997,74.997,3
177,7,medium_term,4SBVWkRIMJ6WBCYPvr5Bwr,Make It Better (feat. Smokey Robinson),71,2019-04-12,escape room,Anderson .Paak,E,0.6759999999999999,0.56,4,-6.024,0,0.0643,0.0112,0.00403,0.13699999999999998,0.551,178.555,1
178,8,medium_term,5gtuTd7og1AADSAa2oYy3m,Delta,51,2012-01-01,turntablism,C2C,D,0.698,0.8290000000000001,2,-7.194,0,0.127,0.00461,0.11699999999999999,0.10099999999999999,0.41600000000000004,120.0,1
179,9,medium_term,7lil49sUFoQaFGhLQNRgH6,I Own a Building,32,2019-05-17,metal guitar,Paul Gilbert,F#,0.35600000000000004,0.616,6,-9.146,0,0.0383,0.322,0.9540000000000001,0.0908,0.5479999999999999,143.67700000000002,3
180,9,medium_term,7lil49sUFoQaFGhLQNRgH6,I Own a Building,32,2019-05-17,neo classical metal,Paul Gilbert,F#,0.35600000000000004,0.616,6,-9.146,0,0.0383,0.322,0.9540000000000001,0.0908,0.5479999999999999,143.67700000000002,3
181,9,medium_term,7lil49sUFoQaFGhLQNRgH6,I Own a Building,32,2019-05-17,shred,Paul Gilbert,F#,0.35600000000000004,0.616,6,-9.146,0,0.0383,0.322,0.9540000000000001,0.0908,0.5479999999999999,143.67700000000002,3
182,10,medium_term,2tbvAGoLMQgjvfgW7naBiE,El Chapo,61,2016-01-22,gangster rap,The Game,F#,0.753,0.905,6,-3.3110000000000004,0,0.239,0.127,0.0,0.26899999999999996,0.585,127.069,6
183,10,medium_term,2tbvAGoLMQgjvfgW7naBiE,El Chapo,61,2016-01-22,hip hop,The Game,F#,0.753,0.905,6,-3.3110000000000004,0,0.239,0.127,0.0,0.26899999999999996,0.585,127.069,6
184,10,medium_term,2tbvAGoLMQgjvfgW7naBiE,El Chapo,61,2016-01-22,pop rap,The Game,F#,0.753,0.905,6,-3.3110000000000004,0,0.239,0.127,0.0,0.26899999999999996,0.585,127.069,6
185,10,medium_term,2tbvAGoLMQgjvfgW7naBiE,El Chapo,61,2016-01-22,rap,The Game,F#,0.753,0.905,6,-3.3110000000000004,0,0.239,0.127,0.0,0.26899999999999996,0.585,127.069,6
186,10,medium_term,2tbvAGoLMQgjvfgW7naBiE,El Chapo,61,2016-01-22,southern hip hop,The Game,F#,0.753,0.905,6,-3.3110000000000004,0,0.239,0.127,0.0,0.26899999999999996,0.585,127.069,6
187,10,medium_term,2tbvAGoLMQgjvfgW7naBiE,El Chapo,61,2016-01-22,trap,The Game,F#,0.753,0.905,6,-3.3110000000000004,0,0.239,0.127,0.0,0.26899999999999996,0.585,127.069,6
188,11,medium_term,0YSwpzZT1sUkrL3kTIoHE2,Itan na star,38,2017-04-19,anime rock,Official HIGE DANdism,G#,0.57,0.758,8,-3.997,1,0.0323,0.00157,0.0,0.36700000000000005,0.7070000000000001,97.959,2
189,11,medium_term,0YSwpzZT1sUkrL3kTIoHE2,Itan na star,38,2017-04-19,j-pop,Official HIGE DANdism,G#,0.57,0.758,8,-3.997,1,0.0323,0.00157,0.0,0.36700000000000005,0.7070000000000001,97.959,2
190,12,medium_term,3SktMqZmo3M9zbB7oKMIF7,Gravity,75,2006-09-11,neo mellow,John Mayer,G,0.764,0.326,7,-9.883,1,0.0342,0.731,0.0013,0.24,0.237,123.98,4
191,12,medium_term,3SktMqZmo3M9zbB7oKMIF7,Gravity,75,2006-09-11,pop,John Mayer,G,0.764,0.326,7,-9.883,1,0.0342,0.731,0.0013,0.24,0.237,123.98,4
192,12,medium_term,3SktMqZmo3M9zbB7oKMIF7,Gravity,75,2006-09-11,pop rock,John Mayer,G,0.764,0.326,7,-9.883,1,0.0342,0.731,0.0013,0.24,0.237,123.98,4
193,12,medium_term,3SktMqZmo3M9zbB7oKMIF7,Gravity,75,2006-09-11,singer-songwriter,John Mayer,G,0.764,0.326,7,-9.883,1,0.0342,0.731,0.0013,0.24,0.237,123.98,4
194,13,medium_term,5u8nn1mjHzMtaCm0Lfo0Qk,Sarasate : Caprice basque Op.24,12,1993-11-10,late romantic era,Pablo de Sarasate,A,0.49,0.10300000000000001,9,-20.007,0,0.0627,0.909,0.0238,0.0987,0.26,84.01899999999999,2
195,13,medium_term,5u8nn1mjHzMtaCm0Lfo0Qk,Sarasate : Caprice basque Op.24,12,1993-11-10,violin,Pablo de Sarasate,A,0.49,0.10300000000000001,9,-20.007,0,0.0627,0.909,0.0238,0.0987,0.26,84.01899999999999,2
196,14,medium_term,2JvzF1RMd7lE3KmFlsyZD8,MIDDLE CHILD,87,2019-01-23,conscious hip hop,J. Cole,G#,0.8370000000000001,0.364,8,-11.713,1,0.276,0.149,0.0,0.271,0.46299999999999997,123.984,5
197,14,medium_term,2JvzF1RMd7lE3KmFlsyZD8,MIDDLE CHILD,87,2019-01-23,hip hop,J. Cole,G#,0.8370000000000001,0.364,8,-11.713,1,0.276,0.149,0.0,0.271,0.46299999999999997,123.984,5
198,14,medium_term,2JvzF1RMd7lE3KmFlsyZD8,MIDDLE CHILD,87,2019-01-23,nc hip hop,J. Cole,G#,0.8370000000000001,0.364,8,-11.713,1,0.276,0.149,0.0,0.271,0.46299999999999997,123.984,5
199,14,medium_term,2JvzF1RMd7lE3KmFlsyZD8,MIDDLE CHILD,87,2019-01-23,pop rap,J. Cole,G#,0.8370000000000001,0.364,8,-11.713,1,0.276,0.149,0.0,0.271,0.46299999999999997,123.984,5
200,14,medium_term,2JvzF1RMd7lE3KmFlsyZD8,MIDDLE CHILD,87,2019-01-23,rap,J. Cole,G#,0.8370000000000001,0.364,8,-11.713,1,0.276,0.149,0.0,0.271,0.46299999999999997,123.984,5
201,16,medium_term,5ri4b7YQp2PWn8tl3MRYgE,King James,64,2019-04-12,escape room,Anderson .Paak,G,0.7709999999999999,0.889,7,-7.93,1,0.0777,0.0779,6.53e-05,0.0426,0.882,108.015,1
202,17,medium_term,36TO60sxDduIsO3xH8IcUh,Isis,80,2019-05-23,boston hip hop,Joyner Lucas,C#,0.9179999999999999,0.8370000000000001,1,-6.792000000000001,1,0.255,0.23399999999999999,0.0,0.22699999999999998,0.855,120.01700000000001,4
203,17,medium_term,36TO60sxDduIsO3xH8IcUh,Isis,80,2019-05-23,hip hop,Joyner Lucas,C#,0.9179999999999999,0.8370000000000001,1,-6.792000000000001,1,0.255,0.23399999999999999,0.0,0.22699999999999998,0.855,120.01700000000001,4
204,17,medium_term,36TO60sxDduIsO3xH8IcUh,Isis,80,2019-05-23,pop rap,Joyner Lucas,C#,0.9179999999999999,0.8370000000000001,1,-6.792000000000001,1,0.255,0.23399999999999999,0.0,0.22699999999999998,0.855,120.01700000000001,4
205,17,medium_term,36TO60sxDduIsO3xH8IcUh,Isis,80,2019-05-23,rap,Joyner Lucas,C#,0.9179999999999999,0.8370000000000001,1,-6.792000000000001,1,0.255,0.23399999999999999,0.0,0.22699999999999998,0.855,120.01700000000001,4
206,18,medium_term,19g05c3N1AuJ5qcdsqg8qS,LIFE,40,2018-10-10,japanese jazz,fox capture plan,B,0.373,0.667,11,-6.372999999999999,0,0.0386,0.0979,0.5770000000000001,0.12,0.71,124.04799999999999,3
207,18,medium_term,19g05c3N1AuJ5qcdsqg8qS,LIFE,40,2018-10-10,japanese math rock,fox capture plan,B,0.373,0.667,11,-6.372999999999999,0,0.0386,0.0979,0.5770000000000001,0.12,0.71,124.04799999999999,3
208,18,medium_term,19g05c3N1AuJ5qcdsqg8qS,LIFE,40,2018-10-10,japanese post-rock,fox capture plan,B,0.373,0.667,11,-6.372999999999999,0,0.0386,0.0979,0.5770000000000001,0.12,0.71,124.04799999999999,3
209,19,medium_term,78orLDLxWpOZINipGYrV0g,Who Are You,40,2012-01-01,turntablism,C2C,G,0.6809999999999999,0.83,7,-6.352,0,0.248,0.177,8.25e-05,0.141,0.555,68.012,1
210,20,medium_term,1TDuaeF7FnV74z57NK7hh4,Arcades,39,2012-01-01,turntablism,C2C,B,0.657,0.607,11,-6.612,0,0.0434,0.00028,0.695,0.2,0.19,91.023,1
211,21,medium_term,2ZXWOCdQ2IJ63RBOjuQVR3,Happy,50,2012-01-01,turntablism,C2C,F,0.753,0.92,5,-4.657,0,0.0933,0.0266,0.174,0.624,0.5489999999999999,120.014,1
212,22,medium_term,4YG11F0CV02cJEFUH7NUBn,F.U.Y.A.,40,2012-01-01,turntablism,C2C,A,0.643,0.619,9,-9.514,0,0.0357,0.0128,0.415,0.35100000000000003,0.14,128.785,1
213,23,medium_term,17N5FdRwJuv3UXQ7MHnbhF,Ballin,72,2018-06-15,conscious hip hop,Logic,D#,0.737,0.8540000000000001,3,-6.414,0,0.221,0.0475,0.0,0.0905,0.65,150.621,5
214,23,medium_term,17N5FdRwJuv3UXQ7MHnbhF,Ballin,72,2018-06-15,dmv rap,Logic,D#,0.737,0.8540000000000001,3,-6.414,0,0.221,0.0475,0.0,0.0905,0.65,150.621,5
215,23,medium_term,17N5FdRwJuv3UXQ7MHnbhF,Ballin,72,2018-06-15,hip hop,Logic,D#,0.737,0.8540000000000001,3,-6.414,0,0.221,0.0475,0.0,0.0905,0.65,150.621,5
216,23,medium_term,17N5FdRwJuv3UXQ7MHnbhF,Ballin,72,2018-06-15,pop rap,Logic,D#,0.737,0.8540000000000001,3,-6.414,0,0.221,0.0475,0.0,0.0905,0.65,150.621,5
217,23,medium_term,17N5FdRwJuv3UXQ7MHnbhF,Ballin,72,2018-06-15,rap,Logic,D#,0.737,0.8540000000000001,3,-6.414,0,0.221,0.0475,0.0,0.0905,0.65,150.621,5
218,24,medium_term,2lRe5wBRm4xaSKTbDn2vLD,Trippy (feat. J. Cole),67,2018-11-16,escape room,Anderson .Paak,D,0.57,0.65,2,-8.538,1,0.326,0.0707,0.0,0.33899999999999997,0.174,96.76700000000001,1
219,25,medium_term,3XOEuZcwfW4l7fttcB7zB6,Because Of You,37,2012-01-01,turntablism,C2C,C,0.6970000000000001,0.768,0,-4.808,1,0.0607,0.0443,0.0,0.203,0.8370000000000001,130.029,1
220,26,medium_term,4nACgpjyb4XoabqODcszuE,Genius,34,2012-01-01,turntablism,C2C,C#,0.8059999999999999,0.7440000000000001,1,-5.805,0,0.0658,0.0363,4.32e-06,0.588,0.857,120.01299999999999,1
221,27,medium_term,2XTquzYQAdT1Hk78bOUwsv,Greatest,73,2018-08-31,detroit hip hop,Eminem,C#,0.809,0.737,1,-5.186,1,0.10800000000000001,0.0441,0.0,0.341,0.36700000000000005,80.025,4
222,27,medium_term,2XTquzYQAdT1Hk78bOUwsv,Greatest,73,2018-08-31,g funk,Eminem,C#,0.809,0.737,1,-5.186,1,0.10800000000000001,0.0441,0.0,0.341,0.36700000000000005,80.025,4
223,27,medium_term,2XTquzYQAdT1Hk78bOUwsv,Greatest,73,2018-08-31,hip hop,Eminem,C#,0.809,0.737,1,-5.186,1,0.10800000000000001,0.0441,0.0,0.341,0.36700000000000005,80.025,4
224,27,medium_term,2XTquzYQAdT1Hk78bOUwsv,Greatest,73,2018-08-31,rap,Eminem,C#,0.809,0.737,1,-5.186,1,0.10800000000000001,0.0441,0.0,0.341,0.36700000000000005,80.025,4
225,28,medium_term,2OKo7g3KfmCt3kyLvUAL0g,The Search,76,2019-05-30,hip hop,NF,D,0.789,0.7859999999999999,2,-4.788,1,0.297,0.596,0.0,0.0997,0.39,119.95700000000001,3
226,28,medium_term,2OKo7g3KfmCt3kyLvUAL0g,The Search,76,2019-05-30,pop rap,NF,D,0.789,0.7859999999999999,2,-4.788,1,0.297,0.596,0.0,0.0997,0.39,119.95700000000001,3
227,28,medium_term,2OKo7g3KfmCt3kyLvUAL0g,The Search,76,2019-05-30,rap,NF,D,0.789,0.7859999999999999,2,-4.788,1,0.297,0.596,0.0,0.0997,0.39,119.95700000000001,3
228,29,medium_term,7KXjTSCq5nL1LoYtL7XAwS,HUMBLE.,85,2017-04-14,conscious hip hop,Kendrick Lamar,C#,0.9079999999999999,0.621,1,-6.638,0,0.102,0.00028199999999999997,5.39e-05,0.0958,0.42100000000000004,150.011,4
229,29,medium_term,7KXjTSCq5nL1LoYtL7XAwS,HUMBLE.,85,2017-04-14,hip hop,Kendrick Lamar,C#,0.9079999999999999,0.621,1,-6.638,0,0.102,0.00028199999999999997,5.39e-05,0.0958,0.42100000000000004,150.011,4
230,29,medium_term,7KXjTSCq5nL1LoYtL7XAwS,HUMBLE.,85,2017-04-14,rap,Kendrick Lamar,C#,0.9079999999999999,0.621,1,-6.638,0,0.102,0.00028199999999999997,5.39e-05,0.0958,0.42100000000000004,150.011,4
231,29,medium_term,7KXjTSCq5nL1LoYtL7XAwS,HUMBLE.,85,2017-04-14,west coast rap,Kendrick Lamar,C#,0.9079999999999999,0.621,1,-6.638,0,0.102,0.00028199999999999997,5.39e-05,0.0958,0.42100000000000004,150.011,4
232,30,medium_term,2vYZz7GEja1hXM7w6S4Y5I,"Piano Sonata No. 8 in A Minor, K. 310: I. Allegro maestoso",1,1991-06-25,classical,Wolfgang Amadeus Mozart,A,0.304,0.14400000000000002,9,-23.158,0,0.0322,0.9890000000000001,0.917,0.19699999999999998,0.284,133.616,2
233,30,medium_term,2vYZz7GEja1hXM7w6S4Y5I,"Piano Sonata No. 8 in A Minor, K. 310: I. Allegro maestoso",1,1991-06-25,classical era,Wolfgang Amadeus Mozart,A,0.304,0.14400000000000002,9,-23.158,0,0.0322,0.9890000000000001,0.917,0.19699999999999998,0.284,133.616,2
234,31,medium_term,2TRnVXGSK4aBtfEOaB460m,Fool For You,37,2017-10-20,alternative r&b,Snoh Aalegra,D,0.58,0.278,2,-11.569,1,0.0701,0.846,0.000241,0.10400000000000001,0.259,149.781,5
235,31,medium_term,2TRnVXGSK4aBtfEOaB460m,Fool For You,37,2017-10-20,indie r&b,Snoh Aalegra,D,0.58,0.278,2,-11.569,1,0.0701,0.846,0.000241,0.10400000000000001,0.259,149.781,5
236,31,medium_term,2TRnVXGSK4aBtfEOaB460m,Fool For You,37,2017-10-20,indie soul,Snoh Aalegra,D,0.58,0.278,2,-11.569,1,0.0701,0.846,0.000241,0.10400000000000001,0.259,149.781,5
237,31,medium_term,2TRnVXGSK4aBtfEOaB460m,Fool For You,37,2017-10-20,scandinavian r&b,Snoh Aalegra,D,0.58,0.278,2,-11.569,1,0.0701,0.846,0.000241,0.10400000000000001,0.259,149.781,5
238,31,medium_term,2TRnVXGSK4aBtfEOaB460m,Fool For You,37,2017-10-20,swedish soul,Snoh Aalegra,D,0.58,0.278,2,-11.569,1,0.0701,0.846,0.000241,0.10400000000000001,0.259,149.781,5
239,33,medium_term,1NMYxZgo5IQgFgOcZdwZ9E,夜間航路,39,2019-05-22,japanese jazz,fox capture plan,A,0.647,0.574,9,-7.686,0,0.0322,0.10300000000000001,0.87,0.0884,0.76,91.12799999999999,3
240,33,medium_term,1NMYxZgo5IQgFgOcZdwZ9E,夜間航路,39,2019-05-22,japanese math rock,fox capture plan,A,0.647,0.574,9,-7.686,0,0.0322,0.10300000000000001,0.87,0.0884,0.76,91.12799999999999,3
241,33,medium_term,1NMYxZgo5IQgFgOcZdwZ9E,夜間航路,39,2019-05-22,japanese post-rock,fox capture plan,A,0.647,0.574,9,-7.686,0,0.0322,0.10300000000000001,0.87,0.0884,0.76,91.12799999999999,3
242,34,medium_term,58dSdjfEYNSxte1aNVxuNf,Easy,73,2017-08-11,alternative r&b,Mac Ayres,F,0.722,0.282,5,-7.484,1,0.106,0.373,0.00557,0.147,0.217,91.367,3
243,34,medium_term,58dSdjfEYNSxte1aNVxuNf,Easy,73,2017-08-11,indie r&b,Mac Ayres,F,0.722,0.282,5,-7.484,1,0.106,0.373,0.00557,0.147,0.217,91.367,3
244,34,medium_term,58dSdjfEYNSxte1aNVxuNf,Easy,73,2017-08-11,indie soul,Mac Ayres,F,0.722,0.282,5,-7.484,1,0.106,0.373,0.00557,0.147,0.217,91.367,3
245,36,medium_term,0CTc19yGofNg8y8UxBJ2PI,The Cell,38,2012-01-01,turntablism,C2C,G,0.49,0.8909999999999999,7,-6.787000000000001,1,0.12,0.0008449999999999999,0.915,0.10300000000000001,0.409,162.03,1
246,37,medium_term,7sO5G9EABYOXQKNPNiE9NR,Ric Flair Drip (& Metro Boomin),83,2017-10-30,atl hip hop,Offset,A,0.88,0.428,9,-8.28,1,0.20600000000000002,0.149,5.07e-05,0.114,0.33299999999999996,100.007,6
247,37,medium_term,7sO5G9EABYOXQKNPNiE9NR,Ric Flair Drip (& Metro Boomin),83,2017-10-30,hip hop,Offset,A,0.88,0.428,9,-8.28,1,0.20600000000000002,0.149,5.07e-05,0.114,0.33299999999999996,100.007,6
248,37,medium_term,7sO5G9EABYOXQKNPNiE9NR,Ric Flair Drip (& Metro Boomin),83,2017-10-30,pop rap,Offset,A,0.88,0.428,9,-8.28,1,0.20600000000000002,0.149,5.07e-05,0.114,0.33299999999999996,100.007,6
249,37,medium_term,7sO5G9EABYOXQKNPNiE9NR,Ric Flair Drip (& Metro Boomin),83,2017-10-30,rap,Offset,A,0.88,0.428,9,-8.28,1,0.20600000000000002,0.149,5.07e-05,0.114,0.33299999999999996,100.007,6
250,37,medium_term,7sO5G9EABYOXQKNPNiE9NR,Ric Flair Drip (& Metro Boomin),83,2017-10-30,southern hip hop,Offset,A,0.88,0.428,9,-8.28,1,0.20600000000000002,0.149,5.07e-05,0.114,0.33299999999999996,100.007,6
251,37,medium_term,7sO5G9EABYOXQKNPNiE9NR,Ric Flair Drip (& Metro Boomin),83,2017-10-30,trap,Offset,A,0.88,0.428,9,-8.28,1,0.20600000000000002,0.149,5.07e-05,0.114,0.33299999999999996,100.007,6
252,38,medium_term,0VgkVdmE4gld66l8iyGjgx,Mask Off,82,2017-06-30,atl hip hop,Future,D,0.833,0.434,2,-8.795,1,0.431,0.0102,0.0219,0.165,0.281,150.062,6
253,38,medium_term,0VgkVdmE4gld66l8iyGjgx,Mask Off,82,2017-06-30,hip hop,Future,D,0.833,0.434,2,-8.795,1,0.431,0.0102,0.0219,0.165,0.281,150.062,6
254,38,medium_term,0VgkVdmE4gld66l8iyGjgx,Mask Off,82,2017-06-30,pop rap,Future,D,0.833,0.434,2,-8.795,1,0.431,0.0102,0.0219,0.165,0.281,150.062,6
255,38,medium_term,0VgkVdmE4gld66l8iyGjgx,Mask Off,82,2017-06-30,rap,Future,D,0.833,0.434,2,-8.795,1,0.431,0.0102,0.0219,0.165,0.281,150.062,6
256,38,medium_term,0VgkVdmE4gld66l8iyGjgx,Mask Off,82,2017-06-30,southern hip hop,Future,D,0.833,0.434,2,-8.795,1,0.431,0.0102,0.0219,0.165,0.281,150.062,6
257,38,medium_term,0VgkVdmE4gld66l8iyGjgx,Mask Off,82,2017-06-30,trap,Future,D,0.833,0.434,2,-8.795,1,0.431,0.0102,0.0219,0.165,0.281,150.062,6
258,39,medium_term,6RpunyUP44SDweJPDScLSF,Come Home (feat. André 3000),64,2019-04-12,escape room,Anderson .Paak,G#,0.5670000000000001,0.815,8,-4.915,1,0.141,0.0144,2.14e-05,0.126,0.325,164.834,1
259,41,medium_term,5KTZsi6HKh2laUVsgaU3ag,The Beat,37,2012-01-01,turntablism,C2C,A#,0.7979999999999999,0.778,10,-5.236000000000001,0,0.14300000000000002,0.00262,0.0883,0.28,0.624,96.978,1
260,44,medium_term,5aq7wRwq9IDDqAa56x7Yws,"Zigeunerweisen, Op. 20: Lento",37,1971,late romantic era,Pablo de Sarasate,C,0.284,0.0949,0,-22.629,0,0.0421,0.815,0.327,0.127,0.0465,101.05799999999999,2
261,44,medium_term,5aq7wRwq9IDDqAa56x7Yws,"Zigeunerweisen, Op. 20: Lento",37,1971,violin,Pablo de Sarasate,C,0.284,0.0949,0,-22.629,0,0.0421,0.815,0.327,0.127,0.0465,101.05799999999999,2
262,45,medium_term,22nyEAEM29tcBRhukR089b,Icon,76,2017-11-17,hip hop,Jaden,A,0.7859999999999999,0.82,9,-5.093,0,0.23199999999999998,0.222,0.0,0.575,0.49,119.98200000000001,3
263,45,medium_term,22nyEAEM29tcBRhukR089b,Icon,76,2017-11-17,pop rap,Jaden,A,0.7859999999999999,0.82,9,-5.093,0,0.23199999999999998,0.222,0.0,0.575,0.49,119.98200000000001,3
264,45,medium_term,22nyEAEM29tcBRhukR089b,Icon,76,2017-11-17,rap,Jaden,A,0.7859999999999999,0.82,9,-5.093,0,0.23199999999999998,0.222,0.0,0.575,0.49,119.98200000000001,3
265,46,medium_term,4qikXelSRKvoCqFcHLB2H2,Mercy,72,2012-01-01,chicago rap,Kanye West,F#,0.563,0.496,6,-9.381,0,0.405,0.0679,5.610000000000001e-05,0.17300000000000001,0.424,140.001,2
266,46,medium_term,4qikXelSRKvoCqFcHLB2H2,Mercy,72,2012-01-01,rap,Kanye West,F#,0.563,0.496,6,-9.381,0,0.405,0.0679,5.610000000000001e-05,0.17300000000000001,0.424,140.001,2
267,47,medium_term,6Vecwo7AHst9V2CE3kmwr0,No Such Thing,66,2001-08-16,neo mellow,John Mayer,E,0.6679999999999999,0.7390000000000001,4,-4.919,1,0.0308,0.0383,0.0,0.13,0.5710000000000001,131.918,4
268,47,medium_term,6Vecwo7AHst9V2CE3kmwr0,No Such Thing,66,2001-08-16,pop,John Mayer,E,0.6679999999999999,0.7390000000000001,4,-4.919,1,0.0308,0.0383,0.0,0.13,0.5710000000000001,131.918,4
269,47,medium_term,6Vecwo7AHst9V2CE3kmwr0,No Such Thing,66,2001-08-16,pop rock,John Mayer,E,0.6679999999999999,0.7390000000000001,4,-4.919,1,0.0308,0.0383,0.0,0.13,0.5710000000000001,131.918,4
270,47,medium_term,6Vecwo7AHst9V2CE3kmwr0,No Such Thing,66,2001-08-16,singer-songwriter,John Mayer,E,0.6679999999999999,0.7390000000000001,4,-4.919,1,0.0308,0.0383,0.0,0.13,0.5710000000000001,131.918,4
271,49,medium_term,1NpTkYFGPrYb9FRNGjLVyJ,Blackbird,38,2019-09-18,contemporary jazz,Hiromi,G,0.299,0.0919,7,-22.014,1,0.040999999999999995,0.993,0.938,0.0983,0.107,104.52600000000001,5
272,49,medium_term,1NpTkYFGPrYb9FRNGjLVyJ,Blackbird,38,2019-09-18,contemporary post-bop,Hiromi,G,0.299,0.0919,7,-22.014,1,0.040999999999999995,0.993,0.938,0.0983,0.107,104.52600000000001,5
273,49,medium_term,1NpTkYFGPrYb9FRNGjLVyJ,Blackbird,38,2019-09-18,japanese jazz,Hiromi,G,0.299,0.0919,7,-22.014,1,0.040999999999999995,0.993,0.938,0.0983,0.107,104.52600000000001,5
274,49,medium_term,1NpTkYFGPrYb9FRNGjLVyJ,Blackbird,38,2019-09-18,jazz funk,Hiromi,G,0.299,0.0919,7,-22.014,1,0.040999999999999995,0.993,0.938,0.0983,0.107,104.52600000000001,5
275,49,medium_term,1NpTkYFGPrYb9FRNGjLVyJ,Blackbird,38,2019-09-18,jazz fusion,Hiromi,G,0.299,0.0919,7,-22.014,1,0.040999999999999995,0.993,0.938,0.0983,0.107,104.52600000000001,5
276,50,medium_term,2k9N4caeCIJLOWwWwssrEM,Easily,75,2017-08-31,indie r&b,Bruno Major,G,0.772,0.256,7,-8.545,0,0.0481,0.491,0.0061200000000000004,0.14400000000000002,0.35700000000000004,118.902,2
277,50,medium_term,2k9N4caeCIJLOWwWwssrEM,Easily,75,2017-08-31,pop,Bruno Major,G,0.772,0.256,7,-8.545,0,0.0481,0.491,0.0061200000000000004,0.14400000000000002,0.35700000000000004,118.902,2
278,1,long_term,7sO5G9EABYOXQKNPNiE9NR,Ric Flair Drip (& Metro Boomin),83,2017-10-30,atl hip hop,Offset,A,0.88,0.428,9,-8.28,1,0.20600000000000002,0.149,5.07e-05,0.114,0.33299999999999996,100.007,6
279,1,long_term,7sO5G9EABYOXQKNPNiE9NR,Ric Flair Drip (& Metro Boomin),83,2017-10-30,hip hop,Offset,A,0.88,0.428,9,-8.28,1,0.20600000000000002,0.149,5.07e-05,0.114,0.33299999999999996,100.007,6
280,1,long_term,7sO5G9EABYOXQKNPNiE9NR,Ric Flair Drip (& Metro Boomin),83,2017-10-30,pop rap,Offset,A,0.88,0.428,9,-8.28,1,0.20600000000000002,0.149,5.07e-05,0.114,0.33299999999999996,100.007,6
281,1,long_term,7sO5G9EABYOXQKNPNiE9NR,Ric Flair Drip (& Metro Boomin),83,2017-10-30,rap,Offset,A,0.88,0.428,9,-8.28,1,0.20600000000000002,0.149,5.07e-05,0.114,0.33299999999999996,100.007,6
282,1,long_term,7sO5G9EABYOXQKNPNiE9NR,Ric Flair Drip (& Metro Boomin),83,2017-10-30,southern hip hop,Offset,A,0.88,0.428,9,-8.28,1,0.20600000000000002,0.149,5.07e-05,0.114,0.33299999999999996,100.007,6
283,1,long_term,7sO5G9EABYOXQKNPNiE9NR,Ric Flair Drip (& Metro Boomin),83,2017-10-30,trap,Offset,A,0.88,0.428,9,-8.28,1,0.20600000000000002,0.149,5.07e-05,0.114,0.33299999999999996,100.007,6
284,2,long_term,2tbvAGoLMQgjvfgW7naBiE,El Chapo,61,2016-01-22,gangster rap,The Game,F#,0.753,0.905,6,-3.3110000000000004,0,0.239,0.127,0.0,0.26899999999999996,0.585,127.069,6
285,2,long_term,2tbvAGoLMQgjvfgW7naBiE,El Chapo,61,2016-01-22,hip hop,The Game,F#,0.753,0.905,6,-3.3110000000000004,0,0.239,0.127,0.0,0.26899999999999996,0.585,127.069,6
286,2,long_term,2tbvAGoLMQgjvfgW7naBiE,El Chapo,61,2016-01-22,pop rap,The Game,F#,0.753,0.905,6,-3.3110000000000004,0,0.239,0.127,0.0,0.26899999999999996,0.585,127.069,6
287,2,long_term,2tbvAGoLMQgjvfgW7naBiE,El Chapo,61,2016-01-22,rap,The Game,F#,0.753,0.905,6,-3.3110000000000004,0,0.239,0.127,0.0,0.26899999999999996,0.585,127.069,6
288,2,long_term,2tbvAGoLMQgjvfgW7naBiE,El Chapo,61,2016-01-22,southern hip hop,The Game,F#,0.753,0.905,6,-3.3110000000000004,0,0.239,0.127,0.0,0.26899999999999996,0.585,127.069,6
289,2,long_term,2tbvAGoLMQgjvfgW7naBiE,El Chapo,61,2016-01-22,trap,The Game,F#,0.753,0.905,6,-3.3110000000000004,0,0.239,0.127,0.0,0.26899999999999996,0.585,127.069,6
290,3,long_term,1SayqEg8HKK2IeIEWjdYxY,Down The Road,55,2012-01-01,turntablism,C2C,D,0.72,0.595,2,-6.109,0,0.0976,0.0672,4.73e-05,0.0775,0.486,111.0,1
291,4,long_term,2XTquzYQAdT1Hk78bOUwsv,Greatest,73,2018-08-31,detroit hip hop,Eminem,C#,0.809,0.737,1,-5.186,1,0.10800000000000001,0.0441,0.0,0.341,0.36700000000000005,80.025,4
292,4,long_term,2XTquzYQAdT1Hk78bOUwsv,Greatest,73,2018-08-31,g funk,Eminem,C#,0.809,0.737,1,-5.186,1,0.10800000000000001,0.0441,0.0,0.341,0.36700000000000005,80.025,4
293,4,long_term,2XTquzYQAdT1Hk78bOUwsv,Greatest,73,2018-08-31,hip hop,Eminem,C#,0.809,0.737,1,-5.186,1,0.10800000000000001,0.0441,0.0,0.341,0.36700000000000005,80.025,4
294,4,long_term,2XTquzYQAdT1Hk78bOUwsv,Greatest,73,2018-08-31,rap,Eminem,C#,0.809,0.737,1,-5.186,1,0.10800000000000001,0.0441,0.0,0.341,0.36700000000000005,80.025,4
295,5,long_term,66kSqGS2iwHK20sxjrZct4,Better Watch Yo Self,47,2017-01-20,cali rap,Problem,A#,0.8370000000000001,0.7879999999999999,10,-6.289,0,0.153,0.0539,2.31e-06,0.27,0.311,100.053,7
296,5,long_term,66kSqGS2iwHK20sxjrZct4,Better Watch Yo Self,47,2017-01-20,gangster rap,Problem,A#,0.8370000000000001,0.7879999999999999,10,-6.289,0,0.153,0.0539,2.31e-06,0.27,0.311,100.053,7
297,5,long_term,66kSqGS2iwHK20sxjrZct4,Better Watch Yo Self,47,2017-01-20,hyphy,Problem,A#,0.8370000000000001,0.7879999999999999,10,-6.289,0,0.153,0.0539,2.31e-06,0.27,0.311,100.053,7
298,5,long_term,66kSqGS2iwHK20sxjrZct4,Better Watch Yo Self,47,2017-01-20,rap,Problem,A#,0.8370000000000001,0.7879999999999999,10,-6.289,0,0.153,0.0539,2.31e-06,0.27,0.311,100.053,7
299,5,long_term,66kSqGS2iwHK20sxjrZct4,Better Watch Yo Self,47,2017-01-20,southern hip hop,Problem,A#,0.8370000000000001,0.7879999999999999,10,-6.289,0,0.153,0.0539,2.31e-06,0.27,0.311,100.053,7
300,5,long_term,66kSqGS2iwHK20sxjrZct4,Better Watch Yo Self,47,2017-01-20,trap,Problem,A#,0.8370000000000001,0.7879999999999999,10,-6.289,0,0.153,0.0539,2.31e-06,0.27,0.311,100.053,7
301,5,long_term,66kSqGS2iwHK20sxjrZct4,Better Watch Yo Self,47,2017-01-20,west coast trap,Problem,A#,0.8370000000000001,0.7879999999999999,10,-6.289,0,0.153,0.0539,2.31e-06,0.27,0.311,100.053,7
302,6,long_term,6yEfq48XkEzCg0TwY6Hhkb,No Make Up,1,2015-10-12,k-hop,Zion.T,A,0.758,0.402,9,-5.066,1,0.0459,0.41100000000000003,0.0,0.217,0.519,92.109,5
303,6,long_term,6yEfq48XkEzCg0TwY6Hhkb,No Make Up,1,2015-10-12,k-indie,Zion.T,A,0.758,0.402,9,-5.066,1,0.0459,0.41100000000000003,0.0,0.217,0.519,92.109,5
304,6,long_term,6yEfq48XkEzCg0TwY6Hhkb,No Make Up,1,2015-10-12,k-pop,Zion.T,A,0.758,0.402,9,-5.066,1,0.0459,0.41100000000000003,0.0,0.217,0.519,92.109,5
305,6,long_term,6yEfq48XkEzCg0TwY6Hhkb,No Make Up,1,2015-10-12,korean pop,Zion.T,A,0.758,0.402,9,-5.066,1,0.0459,0.41100000000000003,0.0,0.217,0.519,92.109,5
306,6,long_term,6yEfq48XkEzCg0TwY6Hhkb,No Make Up,1,2015-10-12,korean r&b,Zion.T,A,0.758,0.402,9,-5.066,1,0.0459,0.41100000000000003,0.0,0.217,0.519,92.109,5
307,7,long_term,4gG5sukldSPM3sX0OTpTeT,"Love (feat. Bumkey, Paloalto)",0,2013-08-02,k-hop,Primary,C#,0.797,0.741,1,-5.794,1,0.0906,0.12,0.0,0.11900000000000001,0.823,105.023,4
308,7,long_term,4gG5sukldSPM3sX0OTpTeT,"Love (feat. Bumkey, Paloalto)",0,2013-08-02,k-indie,Primary,C#,0.797,0.741,1,-5.794,1,0.0906,0.12,0.0,0.11900000000000001,0.823,105.023,4
309,7,long_term,4gG5sukldSPM3sX0OTpTeT,"Love (feat. Bumkey, Paloalto)",0,2013-08-02,k-pop,Primary,C#,0.797,0.741,1,-5.794,1,0.0906,0.12,0.0,0.11900000000000001,0.823,105.023,4
310,7,long_term,4gG5sukldSPM3sX0OTpTeT,"Love (feat. Bumkey, Paloalto)",0,2013-08-02,korean pop,Primary,C#,0.797,0.741,1,-5.794,1,0.0906,0.12,0.0,0.11900000000000001,0.823,105.023,4
311,8,long_term,1XT0cpl9g0GuRQJao2nqXd,Kanzen kankaku Dreamer,54,2010-06-09,j-pop,ONE OK ROCK,F#,0.5579999999999999,0.914,6,-3.395,0,0.0996,0.00019099999999999998,0.0,0.132,0.711,94.975,3
312,8,long_term,1XT0cpl9g0GuRQJao2nqXd,Kanzen kankaku Dreamer,54,2010-06-09,j-rock,ONE OK ROCK,F#,0.5579999999999999,0.914,6,-3.395,0,0.0996,0.00019099999999999998,0.0,0.132,0.711,94.975,3
313,8,long_term,1XT0cpl9g0GuRQJao2nqXd,Kanzen kankaku Dreamer,54,2010-06-09,visual kei,ONE OK ROCK,F#,0.5579999999999999,0.914,6,-3.395,0,0.0996,0.00019099999999999998,0.0,0.132,0.711,94.975,3
314,9,long_term,3aNsBkmdh6MO8UkLd42BUA,I Don't Want,37,2018-12-05,k-indie,Jungkey,F,0.621,0.506,5,-5.865,0,0.0361,0.731,1.82e-06,0.183,0.37,117.822,2
315,9,long_term,3aNsBkmdh6MO8UkLd42BUA,I Don't Want,37,2018-12-05,korean pop,Jungkey,F,0.621,0.506,5,-5.865,0,0.0361,0.731,1.82e-06,0.183,0.37,117.822,2
316,10,long_term,2DQ1ITjI0YoLFzuADN1ZBW,No Limit,78,2017-12-15,hip hop,G-Eazy,C#,0.838,0.7709999999999999,1,-3.7910000000000004,1,0.244,0.0117,0.0,0.0853,0.405,175.957,4
317,10,long_term,2DQ1ITjI0YoLFzuADN1ZBW,No Limit,78,2017-12-15,indie pop rap,G-Eazy,C#,0.838,0.7709999999999999,1,-3.7910000000000004,1,0.244,0.0117,0.0,0.0853,0.405,175.957,4
318,10,long_term,2DQ1ITjI0YoLFzuADN1ZBW,No Limit,78,2017-12-15,pop rap,G-Eazy,C#,0.838,0.7709999999999999,1,-3.7910000000000004,1,0.244,0.0117,0.0,0.0853,0.405,175.957,4
319,10,long_term,2DQ1ITjI0YoLFzuADN1ZBW,No Limit,78,2017-12-15,rap,G-Eazy,C#,0.838,0.7709999999999999,1,-3.7910000000000004,1,0.244,0.0117,0.0,0.0853,0.405,175.957,4
320,11,long_term,1dsh4buvcBs2u7YtHy29c7,ないものねだり,62,2013-04-24,j-pop,KANA-BOON,F#,0.47100000000000003,0.77,6,-3.783,0,0.102,0.0002,0.0030800000000000003,0.0974,0.529,174.85,2
321,11,long_term,1dsh4buvcBs2u7YtHy29c7,ないものねだり,62,2013-04-24,j-rock,KANA-BOON,F#,0.47100000000000003,0.77,6,-3.783,0,0.102,0.0002,0.0030800000000000003,0.0974,0.529,174.85,2
322,12,long_term,1VrpAZL277l0gnTBhSd3TH,Sooljalee,48,2016-11-16,k-hop,Giriboy,F#,0.894,0.508,6,-5.4,1,0.22399999999999998,0.0538,9.45e-06,0.0745,0.24,90.00200000000001,3
323,12,long_term,1VrpAZL277l0gnTBhSd3TH,Sooljalee,48,2016-11-16,k-indie,Giriboy,F#,0.894,0.508,6,-5.4,1,0.22399999999999998,0.0538,9.45e-06,0.0745,0.24,90.00200000000001,3
324,12,long_term,1VrpAZL277l0gnTBhSd3TH,Sooljalee,48,2016-11-16,korean r&b,Giriboy,F#,0.894,0.508,6,-5.4,1,0.22399999999999998,0.0538,9.45e-06,0.0745,0.24,90.00200000000001,3
325,13,long_term,08d7Ulc4Lra4rOa9oQtFML,Mikansei koukyoukyoku,46,2010-06-09,j-pop,ONE OK ROCK,F,0.42700000000000005,0.99,5,-3.55,1,0.184,0.000782,0.0,0.0956,0.491,195.051,3
326,13,long_term,08d7Ulc4Lra4rOa9oQtFML,Mikansei koukyoukyoku,46,2010-06-09,j-rock,ONE OK ROCK,F,0.42700000000000005,0.99,5,-3.55,1,0.184,0.000782,0.0,0.0956,0.491,195.051,3
327,13,long_term,08d7Ulc4Lra4rOa9oQtFML,Mikansei koukyoukyoku,46,2010-06-09,visual kei,ONE OK ROCK,F,0.42700000000000005,0.99,5,-3.55,1,0.184,0.000782,0.0,0.0956,0.491,195.051,3
328,14,long_term,62vpWI1CHwFy7tMIcSStl8,No Role Modelz,83,2014-12-09,conscious hip hop,J. Cole,A#,0.696,0.521,10,-8.465,0,0.332,0.302,0.0,0.0565,0.45799999999999996,100.0,5
329,14,long_term,62vpWI1CHwFy7tMIcSStl8,No Role Modelz,83,2014-12-09,hip hop,J. Cole,A#,0.696,0.521,10,-8.465,0,0.332,0.302,0.0,0.0565,0.45799999999999996,100.0,5
330,14,long_term,62vpWI1CHwFy7tMIcSStl8,No Role Modelz,83,2014-12-09,nc hip hop,J. Cole,A#,0.696,0.521,10,-8.465,0,0.332,0.302,0.0,0.0565,0.45799999999999996,100.0,5
331,14,long_term,62vpWI1CHwFy7tMIcSStl8,No Role Modelz,83,2014-12-09,pop rap,J. Cole,A#,0.696,0.521,10,-8.465,0,0.332,0.302,0.0,0.0565,0.45799999999999996,100.0,5
332,14,long_term,62vpWI1CHwFy7tMIcSStl8,No Role Modelz,83,2014-12-09,rap,J. Cole,A#,0.696,0.521,10,-8.465,0,0.332,0.302,0.0,0.0565,0.45799999999999996,100.0,5
333,15,long_term,6eIacmhkE82vZlMDnGS7aP,Bad (feat. Vassy) - Radio Edit,67,2014-11-21,dance pop,David Guetta,F,0.614,0.972,5,-3.927,0,0.08800000000000001,0.00125,0.0186,0.32799999999999996,0.41100000000000003,127.96600000000001,3
334,15,long_term,6eIacmhkE82vZlMDnGS7aP,Bad (feat. Vassy) - Radio Edit,67,2014-11-21,edm,David Guetta,F,0.614,0.972,5,-3.927,0,0.08800000000000001,0.00125,0.0186,0.32799999999999996,0.41100000000000003,127.96600000000001,3
335,15,long_term,6eIacmhkE82vZlMDnGS7aP,Bad (feat. Vassy) - Radio Edit,67,2014-11-21,pop,David Guetta,F,0.614,0.972,5,-3.927,0,0.08800000000000001,0.00125,0.0186,0.32799999999999996,0.41100000000000003,127.96600000000001,3
336,16,long_term,0KKkJNfGyhkQ5aFogxQAPU,That's What I Like,83,2016-11-17,pop,Bruno Mars,C#,0.853,0.56,1,-4.961,1,0.0406,0.013000000000000001,0.0,0.0944,0.86,134.066,1
337,17,long_term,04x6DpeFQ72efXsD0DmWPQ,明明就,57,2012-12-28,c-pop,Jay Chou,A,0.5429999999999999,0.428,9,-8.966000000000001,1,0.0262,0.14,0.0,0.0876,0.17300000000000001,112.985,3
338,17,long_term,04x6DpeFQ72efXsD0DmWPQ,明明就,57,2012-12-28,mandopop,Jay Chou,A,0.5429999999999999,0.428,9,-8.966000000000001,1,0.0262,0.14,0.0,0.0876,0.17300000000000001,112.985,3
339,17,long_term,04x6DpeFQ72efXsD0DmWPQ,明明就,57,2012-12-28,taiwan pop,Jay Chou,A,0.5429999999999999,0.428,9,-8.966000000000001,1,0.0262,0.14,0.0,0.0876,0.17300000000000001,112.985,3
340,18,long_term,5jCsMKfXS6NEJTIC4eCyu3,Betta Watch Yo Self,0,2017-01-20,cali rap,Problem,A#,0.841,0.78,10,-6.4239999999999995,0,0.172,0.0559,0.0,0.19899999999999998,0.382,100.031,7
341,18,long_term,5jCsMKfXS6NEJTIC4eCyu3,Betta Watch Yo Self,0,2017-01-20,gangster rap,Problem,A#,0.841,0.78,10,-6.4239999999999995,0,0.172,0.0559,0.0,0.19899999999999998,0.382,100.031,7
342,18,long_term,5jCsMKfXS6NEJTIC4eCyu3,Betta Watch Yo Self,0,2017-01-20,hyphy,Problem,A#,0.841,0.78,10,-6.4239999999999995,0,0.172,0.0559,0.0,0.19899999999999998,0.382,100.031,7
343,18,long_term,5jCsMKfXS6NEJTIC4eCyu3,Betta Watch Yo Self,0,2017-01-20,rap,Problem,A#,0.841,0.78,10,-6.4239999999999995,0,0.172,0.0559,0.0,0.19899999999999998,0.382,100.031,7
344,18,long_term,5jCsMKfXS6NEJTIC4eCyu3,Betta Watch Yo Self,0,2017-01-20,southern hip hop,Problem,A#,0.841,0.78,10,-6.4239999999999995,0,0.172,0.0559,0.0,0.19899999999999998,0.382,100.031,7
345,18,long_term,5jCsMKfXS6NEJTIC4eCyu3,Betta Watch Yo Self,0,2017-01-20,trap,Problem,A#,0.841,0.78,10,-6.4239999999999995,0,0.172,0.0559,0.0,0.19899999999999998,0.382,100.031,7
346,18,long_term,5jCsMKfXS6NEJTIC4eCyu3,Betta Watch Yo Self,0,2017-01-20,west coast trap,Problem,A#,0.841,0.78,10,-6.4239999999999995,0,0.172,0.0559,0.0,0.19899999999999998,0.382,100.031,7
347,19,long_term,3qX1dqmDdmMvvfMVfsx4Bh,m.A.A.d city,68,2012-10-22,conscious hip hop,Kendrick Lamar,D,0.48700000000000004,0.7290000000000001,2,-6.815,1,0.271,0.0538,4.07e-06,0.44,0.217,91.04799999999999,4
348,19,long_term,3qX1dqmDdmMvvfMVfsx4Bh,m.A.A.d city,68,2012-10-22,hip hop,Kendrick Lamar,D,0.48700000000000004,0.7290000000000001,2,-6.815,1,0.271,0.0538,4.07e-06,0.44,0.217,91.04799999999999,4
349,19,long_term,3qX1dqmDdmMvvfMVfsx4Bh,m.A.A.d city,68,2012-10-22,rap,Kendrick Lamar,D,0.48700000000000004,0.7290000000000001,2,-6.815,1,0.271,0.0538,4.07e-06,0.44,0.217,91.04799999999999,4
350,19,long_term,3qX1dqmDdmMvvfMVfsx4Bh,m.A.A.d city,68,2012-10-22,west coast rap,Kendrick Lamar,D,0.48700000000000004,0.7290000000000001,2,-6.815,1,0.271,0.0538,4.07e-06,0.44,0.217,91.04799999999999,4
351,20,long_term,6ToAD7ajJidQTDn72OncDG,꺼내 먹어요 (Eat),1,2015-05-19,k-hop,Zion.T,E,0.628,0.284,4,-11.629000000000001,1,0.102,0.544,5.01e-06,0.121,0.354,91.131,5
352,20,long_term,6ToAD7ajJidQTDn72OncDG,꺼내 먹어요 (Eat),1,2015-05-19,k-indie,Zion.T,E,0.628,0.284,4,-11.629000000000001,1,0.102,0.544,5.01e-06,0.121,0.354,91.131,5
353,20,long_term,6ToAD7ajJidQTDn72OncDG,꺼내 먹어요 (Eat),1,2015-05-19,k-pop,Zion.T,E,0.628,0.284,4,-11.629000000000001,1,0.102,0.544,5.01e-06,0.121,0.354,91.131,5
354,20,long_term,6ToAD7ajJidQTDn72OncDG,꺼내 먹어요 (Eat),1,2015-05-19,korean pop,Zion.T,E,0.628,0.284,4,-11.629000000000001,1,0.102,0.544,5.01e-06,0.121,0.354,91.131,5
355,20,long_term,6ToAD7ajJidQTDn72OncDG,꺼내 먹어요 (Eat),1,2015-05-19,korean r&b,Zion.T,E,0.628,0.284,4,-11.629000000000001,1,0.102,0.544,5.01e-06,0.121,0.354,91.131,5
356,21,long_term,7KXjTSCq5nL1LoYtL7XAwS,HUMBLE.,85,2017-04-14,conscious hip hop,Kendrick Lamar,C#,0.9079999999999999,0.621,1,-6.638,0,0.102,0.00028199999999999997,5.39e-05,0.0958,0.42100000000000004,150.011,4
357,21,long_term,7KXjTSCq5nL1LoYtL7XAwS,HUMBLE.,85,2017-04-14,hip hop,Kendrick Lamar,C#,0.9079999999999999,0.621,1,-6.638,0,0.102,0.00028199999999999997,5.39e-05,0.0958,0.42100000000000004,150.011,4
358,21,long_term,7KXjTSCq5nL1LoYtL7XAwS,HUMBLE.,85,2017-04-14,rap,Kendrick Lamar,C#,0.9079999999999999,0.621,1,-6.638,0,0.102,0.00028199999999999997,5.39e-05,0.0958,0.42100000000000004,150.011,4
359,21,long_term,7KXjTSCq5nL1LoYtL7XAwS,HUMBLE.,85,2017-04-14,west coast rap,Kendrick Lamar,C#,0.9079999999999999,0.621,1,-6.638,0,0.102,0.00028199999999999997,5.39e-05,0.0958,0.42100000000000004,150.011,4
360,22,long_term,1amhCqDxkHGhQMv1Ss9OJs,"Sibelius: Violin Concerto in D Minor, Op. 47: I. Allegro moderato",37,2015-09-25,classical,Jean Sibelius,A#,0.251,0.183,10,-19.801,1,0.0441,0.889,0.0468,0.317,0.087,108.725,4
361,22,long_term,1amhCqDxkHGhQMv1Ss9OJs,"Sibelius: Violin Concerto in D Minor, Op. 47: I. Allegro moderato",37,2015-09-25,early modern classical,Jean Sibelius,A#,0.251,0.183,10,-19.801,1,0.0441,0.889,0.0468,0.317,0.087,108.725,4
362,22,long_term,1amhCqDxkHGhQMv1Ss9OJs,"Sibelius: Violin Concerto in D Minor, Op. 47: I. Allegro moderato",37,2015-09-25,finnish classical,Jean Sibelius,A#,0.251,0.183,10,-19.801,1,0.0441,0.889,0.0468,0.317,0.087,108.725,4
363,22,long_term,1amhCqDxkHGhQMv1Ss9OJs,"Sibelius: Violin Concerto in D Minor, Op. 47: I. Allegro moderato",37,2015-09-25,post-romantic era,Jean Sibelius,A#,0.251,0.183,10,-19.801,1,0.0441,0.889,0.0468,0.317,0.087,108.725,4
364,23,long_term,0Zh5U48tZNeAzzLTV1CVBE,Forgot About Dre,16,1999-01-01,g funk,Dr. Dre,G#,0.925,0.737,8,-1.2919999999999998,1,0.0777,0.092,0.0,0.16899999999999998,0.603,133.946,5
365,23,long_term,0Zh5U48tZNeAzzLTV1CVBE,Forgot About Dre,16,1999-01-01,gangster rap,Dr. Dre,G#,0.925,0.737,8,-1.2919999999999998,1,0.0777,0.092,0.0,0.16899999999999998,0.603,133.946,5
366,23,long_term,0Zh5U48tZNeAzzLTV1CVBE,Forgot About Dre,16,1999-01-01,hip hop,Dr. Dre,G#,0.925,0.737,8,-1.2919999999999998,1,0.0777,0.092,0.0,0.16899999999999998,0.603,133.946,5
367,23,long_term,0Zh5U48tZNeAzzLTV1CVBE,Forgot About Dre,16,1999-01-01,rap,Dr. Dre,G#,0.925,0.737,8,-1.2919999999999998,1,0.0777,0.092,0.0,0.16899999999999998,0.603,133.946,5
368,23,long_term,0Zh5U48tZNeAzzLTV1CVBE,Forgot About Dre,16,1999-01-01,west coast rap,Dr. Dre,G#,0.925,0.737,8,-1.2919999999999998,1,0.0777,0.092,0.0,0.16899999999999998,0.603,133.946,5
369,24,long_term,1PDfg5XSNpgC7Od0iMozfE,"? (물음표) (feat. 최자 of 다이나믹듀오, Zion.T)",0,2013-08-02,k-hop,Primary,D#,0.7020000000000001,0.738,3,-3.4810000000000003,0,0.125,0.22399999999999998,0.0,0.11900000000000001,0.922,95.977,4
370,24,long_term,1PDfg5XSNpgC7Od0iMozfE,"? (물음표) (feat. 최자 of 다이나믹듀오, Zion.T)",0,2013-08-02,k-indie,Primary,D#,0.7020000000000001,0.738,3,-3.4810000000000003,0,0.125,0.22399999999999998,0.0,0.11900000000000001,0.922,95.977,4
371,24,long_term,1PDfg5XSNpgC7Od0iMozfE,"? (물음표) (feat. 최자 of 다이나믹듀오, Zion.T)",0,2013-08-02,k-pop,Primary,D#,0.7020000000000001,0.738,3,-3.4810000000000003,0,0.125,0.22399999999999998,0.0,0.11900000000000001,0.922,95.977,4
372,24,long_term,1PDfg5XSNpgC7Od0iMozfE,"? (물음표) (feat. 최자 of 다이나믹듀오, Zion.T)",0,2013-08-02,korean pop,Primary,D#,0.7020000000000001,0.738,3,-3.4810000000000003,0,0.125,0.22399999999999998,0.0,0.11900000000000001,0.922,95.977,4
373,25,long_term,1XlvyqVNz36t1CyWF3HQIM,"Capriccio brillant in B Minor, Op. 22",10,1993-11-16,classical,Felix Mendelssohn,B,0.392,0.129,11,-21.389,0,0.0368,0.982,0.9279999999999999,0.11800000000000001,0.0952,139.804,2
374,25,long_term,1XlvyqVNz36t1CyWF3HQIM,"Capriccio brillant in B Minor, Op. 22",10,1993-11-16,early romantic era,Felix Mendelssohn,B,0.392,0.129,11,-21.389,0,0.0368,0.982,0.9279999999999999,0.11800000000000001,0.0952,139.804,2
375,26,long_term,60SdxE8apGAxMiRrpbmLY0,Lucky You (feat. Joyner Lucas),82,2018-08-31,detroit hip hop,Eminem,A#,0.8759999999999999,0.7859999999999999,10,-4.8839999999999995,0,0.306,0.0627,0.0,0.127,0.575,153.06799999999998,4
376,26,long_term,60SdxE8apGAxMiRrpbmLY0,Lucky You (feat. Joyner Lucas),82,2018-08-31,g funk,Eminem,A#,0.8759999999999999,0.7859999999999999,10,-4.8839999999999995,0,0.306,0.0627,0.0,0.127,0.575,153.06799999999998,4
377,26,long_term,60SdxE8apGAxMiRrpbmLY0,Lucky You (feat. Joyner Lucas),82,2018-08-31,hip hop,Eminem,A#,0.8759999999999999,0.7859999999999999,10,-4.8839999999999995,0,0.306,0.0627,0.0,0.127,0.575,153.06799999999998,4
378,26,long_term,60SdxE8apGAxMiRrpbmLY0,Lucky You (feat. Joyner Lucas),82,2018-08-31,rap,Eminem,A#,0.8759999999999999,0.7859999999999999,10,-4.8839999999999995,0,0.306,0.0627,0.0,0.127,0.575,153.06799999999998,4
379,27,long_term,0nt1LAZjaTjrf30S8hdRDU,聽見下雨的聲音,59,2014-12-26,c-pop,Jay Chou,E,0.36700000000000005,0.726,4,-6.773,1,0.0341,0.0294,0.0,0.337,0.271,172.12099999999998,3
380,27,long_term,0nt1LAZjaTjrf30S8hdRDU,聽見下雨的聲音,59,2014-12-26,mandopop,Jay Chou,E,0.36700000000000005,0.726,4,-6.773,1,0.0341,0.0294,0.0,0.337,0.271,172.12099999999998,3
381,27,long_term,0nt1LAZjaTjrf30S8hdRDU,聽見下雨的聲音,59,2014-12-26,taiwan pop,Jay Chou,E,0.36700000000000005,0.726,4,-6.773,1,0.0341,0.0294,0.0,0.337,0.271,172.12099999999998,3
382,28,long_term,61yCHvf0FoBtnnDwqOtbHp,Babay (feat. Gaeko),0,2013-07-21,k-hop,Zion.T,G,0.728,0.6809999999999999,7,-6.099,1,0.17800000000000002,0.255,0.0,0.11599999999999999,0.6920000000000001,109.921,5
383,28,long_term,61yCHvf0FoBtnnDwqOtbHp,Babay (feat. Gaeko),0,2013-07-21,k-indie,Zion.T,G,0.728,0.6809999999999999,7,-6.099,1,0.17800000000000002,0.255,0.0,0.11599999999999999,0.6920000000000001,109.921,5
384,28,long_term,61yCHvf0FoBtnnDwqOtbHp,Babay (feat. Gaeko),0,2013-07-21,k-pop,Zion.T,G,0.728,0.6809999999999999,7,-6.099,1,0.17800000000000002,0.255,0.0,0.11599999999999999,0.6920000000000001,109.921,5
385,28,long_term,61yCHvf0FoBtnnDwqOtbHp,Babay (feat. Gaeko),0,2013-07-21,korean pop,Zion.T,G,0.728,0.6809999999999999,7,-6.099,1,0.17800000000000002,0.255,0.0,0.11599999999999999,0.6920000000000001,109.921,5
386,28,long_term,61yCHvf0FoBtnnDwqOtbHp,Babay (feat. Gaeko),0,2013-07-21,korean r&b,Zion.T,G,0.728,0.6809999999999999,7,-6.099,1,0.17800000000000002,0.255,0.0,0.11599999999999999,0.6920000000000001,109.921,5
387,29,long_term,0yQMA3UgzGgmL7Py3lPFCx,"Scherzo-tarantelle in G Minor, Op.16 - 1987 Remastered Version",29,1996-01-12,classical,Henryk Wieniawski,D,0.42200000000000004,0.253,2,-16.373,1,0.0438,0.892,0.134,0.128,0.455,114.29700000000001,3
388,29,long_term,0yQMA3UgzGgmL7Py3lPFCx,"Scherzo-tarantelle in G Minor, Op.16 - 1987 Remastered Version",29,1996-01-12,late romantic era,Henryk Wieniawski,D,0.42200000000000004,0.253,2,-16.373,1,0.0438,0.892,0.134,0.128,0.455,114.29700000000001,3
389,29,long_term,0yQMA3UgzGgmL7Py3lPFCx,"Scherzo-tarantelle in G Minor, Op.16 - 1987 Remastered Version",29,1996-01-12,polish classical,Henryk Wieniawski,D,0.42200000000000004,0.253,2,-16.373,1,0.0438,0.892,0.134,0.128,0.455,114.29700000000001,3
390,30,long_term,6ezuIWphgAyuOc2aK7xMHT,Sad Song (느린노래),0,2012-09-10,k-indie,Baek A Yeon,F#,0.531,0.5670000000000001,6,-4.61,1,0.036000000000000004,0.632,0.0,0.598,0.27699999999999997,80.018,3
391,30,long_term,6ezuIWphgAyuOc2aK7xMHT,Sad Song (느린노래),0,2012-09-10,k-pop,Baek A Yeon,F#,0.531,0.5670000000000001,6,-4.61,1,0.036000000000000004,0.632,0.0,0.598,0.27699999999999997,80.018,3
392,30,long_term,6ezuIWphgAyuOc2aK7xMHT,Sad Song (느린노래),0,2012-09-10,korean pop,Baek A Yeon,F#,0.531,0.5670000000000001,6,-4.61,1,0.036000000000000004,0.632,0.0,0.598,0.27699999999999997,80.018,3
393,31,long_term,30z4LVkScpeNhwHFIB8Ewa,I Love,76,2018-10-17,boston hip hop,Joyner Lucas,B,0.6709999999999999,0.565,11,-7.401,0,0.16,0.27399999999999997,6.51e-05,0.37,0.561,150.014,4
394,31,long_term,30z4LVkScpeNhwHFIB8Ewa,I Love,76,2018-10-17,hip hop,Joyner Lucas,B,0.6709999999999999,0.565,11,-7.401,0,0.16,0.27399999999999997,6.51e-05,0.37,0.561,150.014,4
395,31,long_term,30z4LVkScpeNhwHFIB8Ewa,I Love,76,2018-10-17,pop rap,Joyner Lucas,B,0.6709999999999999,0.565,11,-7.401,0,0.16,0.27399999999999997,6.51e-05,0.37,0.561,150.014,4
396,31,long_term,30z4LVkScpeNhwHFIB8Ewa,I Love,76,2018-10-17,rap,Joyner Lucas,B,0.6709999999999999,0.565,11,-7.401,0,0.16,0.27399999999999997,6.51e-05,0.37,0.561,150.014,4
397,32,long_term,2ySKRXKN58cbIlY1cxd80y,I NEED U,0,2015-04-29,k-pop,BTS,F,0.486,0.88,5,-3.097,0,0.0706,0.0215,0.0,0.24,0.71,158.043,2
398,32,long_term,2ySKRXKN58cbIlY1cxd80y,I NEED U,0,2015-04-29,k-pop boy group,BTS,F,0.486,0.88,5,-3.097,0,0.0706,0.0215,0.0,0.24,0.71,158.043,2
399,33,long_term,0LUMNOIykU5SgNwzZIlah4,"Paganini: Violin Concerto No. 1 in D Major, Op. 6: I. Allegro maestoso",25,2003-09-01,classical,Niccolò Paganini,D,0.39799999999999996,0.134,2,-19.65,1,0.0496,0.9470000000000001,0.16,0.0837,0.249,124.564,2
400,33,long_term,0LUMNOIykU5SgNwzZIlah4,"Paganini: Violin Concerto No. 1 in D Major, Op. 6: I. Allegro maestoso",25,2003-09-01,early romantic era,Niccolò Paganini,D,0.39799999999999996,0.134,2,-19.65,1,0.0496,0.9470000000000001,0.16,0.0837,0.249,124.564,2
401,34,long_term,4d1182NzgXOv7igDm9WyM8,"Triple Concerto in C Major, Op. 56: I. Allegro",1,2018-03-16,classical,Ludwig van Beethoven,C,0.341,0.233,0,-18.867,1,0.0411,0.946,0.552,0.0602,0.248,129.017,3
402,34,long_term,4d1182NzgXOv7igDm9WyM8,"Triple Concerto in C Major, Op. 56: I. Allegro",1,2018-03-16,classical era,Ludwig van Beethoven,C,0.341,0.233,0,-18.867,1,0.0411,0.946,0.552,0.0602,0.248,129.017,3
403,34,long_term,4d1182NzgXOv7igDm9WyM8,"Triple Concerto in C Major, Op. 56: I. Allegro",1,2018-03-16,early romantic era,Ludwig van Beethoven,C,0.341,0.233,0,-18.867,1,0.0411,0.946,0.552,0.0602,0.248,129.017,3
404,35,long_term,1jWPUI9NkBpfhW2G9Oi3sX,有誰共鳴,40,2001,c-pop,Leslie Cheung,D,0.524,0.256,2,-17.653,1,0.0272,0.0891,0.00385,0.12,0.163,94.279,3
405,35,long_term,1jWPUI9NkBpfhW2G9Oi3sX,有誰共鳴,40,2001,cantopop,Leslie Cheung,D,0.524,0.256,2,-17.653,1,0.0272,0.0891,0.00385,0.12,0.163,94.279,3
406,35,long_term,1jWPUI9NkBpfhW2G9Oi3sX,有誰共鳴,40,2001,classic cantopop,Leslie Cheung,D,0.524,0.256,2,-17.653,1,0.0272,0.0891,0.00385,0.12,0.163,94.279,3
407,36,long_term,7vs3JM90lKhp11av83WA5j,算什麼男人,56,2014-12-26,c-pop,Jay Chou,C#,0.523,0.5720000000000001,1,-6.834,1,0.0274,0.35600000000000004,1.29e-06,0.121,0.306,106.943,3
408,36,long_term,7vs3JM90lKhp11av83WA5j,算什麼男人,56,2014-12-26,mandopop,Jay Chou,C#,0.523,0.5720000000000001,1,-6.834,1,0.0274,0.35600000000000004,1.29e-06,0.121,0.306,106.943,3
409,36,long_term,7vs3JM90lKhp11av83WA5j,算什麼男人,56,2014-12-26,taiwan pop,Jay Chou,C#,0.523,0.5720000000000001,1,-6.834,1,0.0274,0.35600000000000004,1.29e-06,0.121,0.306,106.943,3
410,37,long_term,4bdJHQp90ymjEIkkYhcENB,Dat $tick,71,2016-03-11,indonesian hip hop,Rich Brian,C#,0.9229999999999999,0.508,1,-8.668,1,0.0468,0.10400000000000001,1.21e-05,0.126,0.168,108.039,1
411,38,long_term,1ivCIgrYZyE0BvItL4Z8lk,告白氣球,67,2016-06-24,c-pop,Jay Chou,B,0.59,0.5720000000000001,11,-7.6579999999999995,1,0.0379,0.192,0.0,0.109,0.44799999999999995,179.989,3
412,38,long_term,1ivCIgrYZyE0BvItL4Z8lk,告白氣球,67,2016-06-24,mandopop,Jay Chou,B,0.59,0.5720000000000001,11,-7.6579999999999995,1,0.0379,0.192,0.0,0.109,0.44799999999999995,179.989,3
413,38,long_term,1ivCIgrYZyE0BvItL4Z8lk,告白氣球,67,2016-06-24,taiwan pop,Jay Chou,B,0.59,0.5720000000000001,11,-7.6579999999999995,1,0.0379,0.192,0.0,0.109,0.44799999999999995,179.989,3
414,39,long_term,4qikXelSRKvoCqFcHLB2H2,Mercy,72,2012-01-01,chicago rap,Kanye West,F#,0.563,0.496,6,-9.381,0,0.405,0.0679,5.610000000000001e-05,0.17300000000000001,0.424,140.001,2
415,39,long_term,4qikXelSRKvoCqFcHLB2H2,Mercy,72,2012-01-01,rap,Kanye West,F#,0.563,0.496,6,-9.381,0,0.405,0.0679,5.610000000000001e-05,0.17300000000000001,0.424,140.001,2
416,40,long_term,6vO4D4UBaUDrK3gBFUOUCU,"Piano Concerto No. 2 in D Minor, Op. 40, MWV O11: III. Finale: Presto scherzando",11,1993-11-16,classical,Felix Mendelssohn,D,0.38799999999999996,0.18100000000000002,2,-20.336,1,0.0401,0.986,0.893,0.172,0.24600000000000002,81.668,2
417,40,long_term,6vO4D4UBaUDrK3gBFUOUCU,"Piano Concerto No. 2 in D Minor, Op. 40, MWV O11: III. Finale: Presto scherzando",11,1993-11-16,early romantic era,Felix Mendelssohn,D,0.38799999999999996,0.18100000000000002,2,-20.336,1,0.0401,0.986,0.893,0.172,0.24600000000000002,81.668,2
418,41,long_term,2nBI3iWLhupR7LyAJ5GGkE,Champions,70,2016-06-10,chicago rap,Kanye West,F#,0.6920000000000001,0.774,6,-2.48,0,0.0876,0.0623,0.0,0.873,0.349,134.952,2
419,41,long_term,2nBI3iWLhupR7LyAJ5GGkE,Champions,70,2016-06-10,rap,Kanye West,F#,0.6920000000000001,0.774,6,-2.48,0,0.0876,0.0623,0.0,0.873,0.349,134.952,2
420,42,long_term,4Km5HrUvYTaSUfiSGPJeQR,Bad and Boujee (feat. Lil Uzi Vert),77,2017-01-27,atl hip hop,Migos,B,0.927,0.665,11,-5.313,1,0.244,0.061,0.0,0.12300000000000001,0.175,127.07600000000001,4
421,42,long_term,4Km5HrUvYTaSUfiSGPJeQR,Bad and Boujee (feat. Lil Uzi Vert),77,2017-01-27,pop rap,Migos,B,0.927,0.665,11,-5.313,1,0.244,0.061,0.0,0.12300000000000001,0.175,127.07600000000001,4
422,42,long_term,4Km5HrUvYTaSUfiSGPJeQR,Bad and Boujee (feat. Lil Uzi Vert),77,2017-01-27,rap,Migos,B,0.927,0.665,11,-5.313,1,0.244,0.061,0.0,0.12300000000000001,0.175,127.07600000000001,4
423,42,long_term,4Km5HrUvYTaSUfiSGPJeQR,Bad and Boujee (feat. Lil Uzi Vert),77,2017-01-27,trap,Migos,B,0.927,0.665,11,-5.313,1,0.244,0.061,0.0,0.12300000000000001,0.175,127.07600000000001,4
424,43,long_term,4SLZDeEuyeOCHuCQAG8Pf0,BAE BAE,1,2015-05-01,k-pop,BIGBANG,C,0.687,0.63,0,-4.914,1,0.0401,0.0084,0.0,0.20800000000000002,0.402,140.011,2
425,43,long_term,4SLZDeEuyeOCHuCQAG8Pf0,BAE BAE,1,2015-05-01,k-pop boy group,BIGBANG,C,0.687,0.63,0,-4.914,1,0.0401,0.0084,0.0,0.20800000000000002,0.402,140.011,2
426,44,long_term,5fOeCKDtNGOPKBoYQoRHRL,"씨스루 (feat. Zion.T, 개코 of 다이나믹듀오)",0,2013-08-02,k-hop,Gaeko,C#,0.767,0.862,1,-3.647,1,0.126,0.28,0.0,0.122,0.848,114.036,2
427,44,long_term,5fOeCKDtNGOPKBoYQoRHRL,"씨스루 (feat. Zion.T, 개코 of 다이나믹듀오)",0,2013-08-02,korean r&b,Gaeko,C#,0.767,0.862,1,-3.647,1,0.126,0.28,0.0,0.122,0.848,114.036,2
428,45,long_term,2BxGUHYALj0a1Dxbj1Yw4Y,Broken Whiskey Glass,44,2016-12-09,dfw rap,Post Malone,C,0.512,0.6729999999999999,0,-7.359,1,0.0523,0.289,3.04e-06,0.126,0.11,99.84,3
429,45,long_term,2BxGUHYALj0a1Dxbj1Yw4Y,Broken Whiskey Glass,44,2016-12-09,melodic rap,Post Malone,C,0.512,0.6729999999999999,0,-7.359,1,0.0523,0.289,3.04e-06,0.126,0.11,99.84,3
430,45,long_term,2BxGUHYALj0a1Dxbj1Yw4Y,Broken Whiskey Glass,44,2016-12-09,rap,Post Malone,C,0.512,0.6729999999999999,0,-7.359,1,0.0523,0.289,3.04e-06,0.126,0.11,99.84,3
431,46,long_term,6ltPEsP4edATzvinHOzvk2,Still D.R.E.,19,1999-01-01,g funk,Dr. Dre,B,0.8140000000000001,0.779,11,-3.2710000000000004,1,0.235,0.175,0.000671,0.0605,0.544,93.43,5
432,46,long_term,6ltPEsP4edATzvinHOzvk2,Still D.R.E.,19,1999-01-01,gangster rap,Dr. Dre,B,0.8140000000000001,0.779,11,-3.2710000000000004,1,0.235,0.175,0.000671,0.0605,0.544,93.43,5
433,46,long_term,6ltPEsP4edATzvinHOzvk2,Still D.R.E.,19,1999-01-01,hip hop,Dr. Dre,B,0.8140000000000001,0.779,11,-3.2710000000000004,1,0.235,0.175,0.000671,0.0605,0.544,93.43,5
434,46,long_term,6ltPEsP4edATzvinHOzvk2,Still D.R.E.,19,1999-01-01,rap,Dr. Dre,B,0.8140000000000001,0.779,11,-3.2710000000000004,1,0.235,0.175,0.000671,0.0605,0.544,93.43,5
435,46,long_term,6ltPEsP4edATzvinHOzvk2,Still D.R.E.,19,1999-01-01,west coast rap,Dr. Dre,B,0.8140000000000001,0.779,11,-3.2710000000000004,1,0.235,0.175,0.000671,0.0605,0.544,93.43,5
436,47,long_term,0C5Vq3CfkQzVI6ybjYoM1c,"요지경 (feat. 슈프림팀, Yankie, Mellow)",0,2013-08-02,k-hop,Primary,G#,0.907,0.8640000000000001,8,-4.031000000000001,1,0.0753,0.0719,0.0,0.405,0.9620000000000001,122.056,4
437,47,long_term,0C5Vq3CfkQzVI6ybjYoM1c,"요지경 (feat. 슈프림팀, Yankie, Mellow)",0,2013-08-02,k-indie,Primary,G#,0.907,0.8640000000000001,8,-4.031000000000001,1,0.0753,0.0719,0.0,0.405,0.9620000000000001,122.056,4
438,47,long_term,0C5Vq3CfkQzVI6ybjYoM1c,"요지경 (feat. 슈프림팀, Yankie, Mellow)",0,2013-08-02,k-pop,Primary,G#,0.907,0.8640000000000001,8,-4.031000000000001,1,0.0753,0.0719,0.0,0.405,0.9620000000000001,122.056,4
439,47,long_term,0C5Vq3CfkQzVI6ybjYoM1c,"요지경 (feat. 슈프림팀, Yankie, Mellow)",0,2013-08-02,korean pop,Primary,G#,0.907,0.8640000000000001,8,-4.031000000000001,1,0.0753,0.0719,0.0,0.405,0.9620000000000001,122.056,4
440,48,long_term,3POMHYwwOaQZKpwQsQynkp,Mendelssohn: Violin Concerto in E Minor Op. 64: I. Allegro molto appassionato,34,1993-12-01,classical,Felix Mendelssohn,E,0.25,0.192,4,-18.889,0,0.0425,0.9329999999999999,0.0157,0.159,0.12300000000000001,100.736,2
441,48,long_term,3POMHYwwOaQZKpwQsQynkp,Mendelssohn: Violin Concerto in E Minor Op. 64: I. Allegro molto appassionato,34,1993-12-01,early romantic era,Felix Mendelssohn,E,0.25,0.192,4,-18.889,0,0.0425,0.9329999999999999,0.0157,0.159,0.12300000000000001,100.736,2
442,49,long_term,6W2tmkeuHKaedHhdTPnyVs,說好的幸福呢,60,2008-11-09,c-pop,Jay Chou,A,0.5429999999999999,0.473,9,-7.957999999999999,0,0.0282,0.345,0.0,0.134,0.24,117.61,3
443,49,long_term,6W2tmkeuHKaedHhdTPnyVs,說好的幸福呢,60,2008-11-09,mandopop,Jay Chou,A,0.5429999999999999,0.473,9,-7.957999999999999,0,0.0282,0.345,0.0,0.134,0.24,117.61,3
444,49,long_term,6W2tmkeuHKaedHhdTPnyVs,說好的幸福呢,60,2008-11-09,taiwan pop,Jay Chou,A,0.5429999999999999,0.473,9,-7.957999999999999,0,0.0282,0.345,0.0,0.134,0.24,117.61,3
445,50,long_term,7LyCtbxher5m97MImn5M3l,不該,62,2016-06-24,c-pop,Jay Chou,E,0.441,0.619,4,-6.609,1,0.0293,0.19,0.0,0.11800000000000001,0.187,75.027,3
446,50,long_term,7LyCtbxher5m97MImn5M3l,不該,62,2016-06-24,mandopop,Jay Chou,E,0.441,0.619,4,-6.609,1,0.0293,0.19,0.0,0.11800000000000001,0.187,75.027,3
447,50,long_term,7LyCtbxher5m97MImn5M3l,不該,62,2016-06-24,taiwan pop,Jay Chou,E,0.441,0.619,4,-6.609,1,0.0293,0.19,0.0,0.11800000000000001,0.187,75.027,3
